e8ee7b693b93b645a96eb237e37bdcd405331f9f,2682590594
d8eecfe8a671200496953693d0ddbe346f7a1e7e,2682590597
6044eaf6096433c9da314c148b36c9a073f85024,2682590602
b096c86b37b15189cd16f418ab1fb3f7bfc89a3e,2682590605
94db23c3eae5e8b422f4b657fc66995dfe98e570,2682590610
08fc60b7abb088d8e3310aec5c2e9db6e8e24eb9,2682590645
af29d94d9420e8246e2e9e2968aab6b7f836e45b,2682590647
0821ccac77b10b6eda0de0672170f2637b8d1cf2,2682590651
258cb6b46f985ae5f673997d46763b02bbd72f62,2682590658
51a57f5963e89c6072c074bbea8ec426cce46709,2682590661
d04301bad0fb7156ca6d1561883d61cd4b981b9d,2682590664
0f16a42f9e4537fa015b476750f529be213385ea,2682590667
ebcc14ccc995204a26da357edf9e0ace5fd53211,2682590670
e834c48ba3efefdedd11237acf88e3afcb905783,2682590675
0cb2400512a01431b987ef2b719956e21890863b,2682590677
b0e453f51a2f7ccbfd83dfe9b3df570e634f3040,2682590681
50a50ccf5c54a2c7579ca1f54ff7e67b284fe8e3,2682590682
f280dc17553664779111945f263acb20b45d7019,2589738588
e657c80c22f0e0b31d6e43a26ebfe15eb00384c7,2682590843
e3c38ae53600c230e4eb99211ecd352679198dcc,2682590837
1b7f829b844eaa1a3e2d05f51fa81d6579d76738,2239720901
27a1d9dcbdc4aff486016b5c9f3ece6ad0c028c1,2682590831
875bce76a77590c3c438bbc6e014b39c23c8c88d,2682590970
e4e5c111c6d003e2132a418a3d3f65d8b0fb7bf9,2682590922
693465e9d9376fd4d2fcd45ffc24f735e1159312,2682590972
5e8632618d24a7c1048b68966319710492db3174,2682590973
a82812b87b667d32a8e51514c578a5175edd94b4,2682590898
a61fc0ea872d2d02c8c7293a131476abd95c125e,2682590975
20356ff29e36bc157b33441fba17d74f9c78901e,2682590963
1936ce684393234fec26197d7d7c61f6bba1ef36,2682590977
6587c090fea4caaf5dc129629af567360570485e,2682590978
16472e1bda47afd1e3202f94bb22efb384f69ea1,2682590979
24b89ef9c4880596a21b542b5cfa80660f1d45be,2682591112
ecd40a5cc6f0b76200c454ca880210dc301cfab8,2273595346
a38e0c736aaf0b019b29b63b00e68c1381502217,2682591122
bbf07817e39f12ffd13f6707da8a0c89bcdba85f,2682591123
512c7d79033e3028a9be61b540cf1a6870c896f8,200217199
d6f48cba7d076fb6f2fd6ba993a75b9dc1ecbf0c,2238132448
15430bc876026d813c21e03a7a72ab4d6dcfe31a,2682591124
6eb207e57c92ee341f57998cb191e5c9dc4fc738,2268260356
41b6e45f4544c9bc9b4804dca493f7fd3939183c,2239720991
86f7e7b926e1a88209d171b56dadbccc2c96f578,2007548111
4f08d328c845410583e0a05c8d5a5bc61c23db47,2682591125
1a99890b57c9859a622337ed0b2f989d6e30cc0e,2239721033
c8f6468511d511fde060e2e8ba1af9f9e6813936,2682591116
895125a4522a3b10ee7ada06ee6503587cbf95c5,2682591109
f455c5f153f872e52265f87a644ff89fe14a6fb6,1598939607
9d1ff8d53f728cc065efa9271efd9ab45c9a0d1c,2682591111
356a192b7913b04c54574d18c28d46e6395428ab,371371540
90532aff6d4121954254cdf04994d834f7ec169b,1635770665
4c308348690fd400306e86ff83d30ecba2e0a71b,2682591016
a9545831803b1359cfeed47e3b4d6bae68e40e99,2137792169
add547d05e8c9ce8d3ddab731a133421416bb30b,2682591132
599934dca1bb52e5755d7137bcac6e575008b51f,2682591117
c0efe12b5d5aecfed04bf625e41dbf7a64008d3c,2268260362
f8747f8ee704d9af31d0950015e01d3f9635b070,2141117140
32f09ec3ec0950f47a35fc0d656559d5b164dacd,2185635606
311249bd3ab7310cfad8baaddbfc39dc6c382f8e,2682596378
e9fa356ac13bd24c051804a6e4ec3e053bc8001c,2682596375
212eee29a63222fd2b558cc5f432347ee31407d8,2682596374
31cb4cea0064ed80c1b0c5f5d58e1956a7e2293f,2247510725
bf19ec32af23fb8f2c0c75549a3996b725f80d35,2682596373
05a79b7f0738cfd2f2fe3c6cebdbd0a7702eb44c,2682596381
4c529c1c294d362de3cc90caf487ffeea8827f56,2185635612
7e21d495ff54f1c7ddcfde398d56759e942aef38,2682596383
042d15057a64e005ed9ceef0028fb4fb973099ec,2682596313
dfd472cc1a90aab82a76ffed4076ba346d579840,2682596299
6865443a258954fa19b8aa682e1f4c77d42493d1,2682596366
d6c79dc1722a52bd0af004ffab86967a5271f77d,2682596387
609e59895c4534aefbc7f31affba387199150f64,2682754175
9c4d13a40fe6b31b46e59672b76ee0471fc5294f,2682754179
33c6f289ce77de1fec44316b94838ae2c9e5b57f,2682754181
1bd90c9c4ee8761d72b139da70facee45905c78d,2682754184
e56cdbc51140541e4bddf388177b49a11de40550,2682754186
8d077557be76eb4fc789e67e046f9e8e129c9ea7,2682754190
faf6ea8f3f68293af0867d8f50d7757ab0ecc227,2682754194
a97cc8e65ca21a37c91478961a66b70af8f89599,2682754196
ea71de1f19dbe4b9bcb93a2c511983227700abfe,2682754199
390ba2fa432045535c65e13d4722c9d6a483eaf4,2682754201
41472ba5c40f61fa1c77c42cf06248f13b8785f0,702655
722a8fec40587f8e9dd5e6cce25d2d5b834dbbd4,2620349344
def5bd74eddfde4c9c1556ba5c79c3f217f261fe,2683031347
cd97bdd72c8f7ca65a37ea7d78ff71580633169a,2683459915
34bf046fa8ea60194f0b67d4a002b4f7da2157cb,2683674733
e3e24e09681ec95b5e9d8ed1bf74a04f61a6df4a,2684356513
d0908d9c03ccea042dfebaf8bf45196d10efc9ac,2684356807
3ab844aaad6045edbe2da9e78c3c9f41599b67d6,2684356702
14c32b120ae9f382430c779c860ffe57a28efdd8,2684356809
95afba55620eeae9395b5d646a59ea9fc85b6f28,2684356804
ab8100c7a1b44b5aab6fef6b5520368c8e1ca3f4,2684356717
40c3b83e9fb0166f191b29acd022d0f351620539,2684356812
3527a7d98988702f0e906c04008509f66fb39b52,2684356742
b41ef0f346151d6a950786fc2a2d6bd18dc51b62,2684356814
ad452c51b012147b46b77c5d0336c2e4146a01ec,2684356776
ca06fe2d3f2b4e635c364fc3b50035edd222db2c,2684356802
ea13848d33c2c7f4f4baa39348aeb1dbfad3df31,923738315
8b266a8d016560f05252c503d9efc275b0bd9d28,2684356707
b5c8577d9a3a852585240d89d4f7510b77294268,2684356711
1f356c00c142acab972807baee47fd3f54c9cb11,2684356898
37ae6052c665e33d7e87f19ff36f15a48a44ea25,2684356871
01bcaef811210de0ea58e55e47fbefd77be5c442,2684356872
81ce9c498dfcd3563888afffd8dc669fa7f46279,2684356886
2d8eada82124ec9a8c8203decaf91210cb7d5861,2211278928
fa66c5898f1359c7a0fa4b36ca5292e12e0a12e2,2661516410
207367a74e6a6f32e5b1e9403b814d16480151a5,2684356956
61497b54c3b66e7d409c100c360c6afbe104598b,2684356924
c56b126f887495918e8abcf813957780f0b9466a,2661516411
b22797b271f3add237e38a48064acf3c685685a2,2239721035
1d9ff3e3db5eb5293de06df5726f6058f07d98de,2274380760
a767fd3a1da45213b69ea168999623e00aa5a954,2684356874
3b1efd3a66ea28b16697394703a72ca340a05bd5,11259155
20c161ef81c9810a70f6a5fbc6e6c68b0e074257,2690265956
3fa8d742022cab262cbe71627cca0aedfc783c27,2375829970
848101942715ef0d04c7cadae8d0b6c486373d3d,2690304128
38823cc5abeb3309abf1f162b4884a111a36daca,2690304129
192bfcedeb352fe5770c08284cb13060eb561d17,2339917595
86a047fd3a34e19f91486fa18fd82f29063f02ea,1096559986
1b848b03d663268f991ab5ee855d83f71d2487a2,2690304015
04fcfc8851e715e3c39c0f6b8d8d7841237b0f84,2655906009
827d16b5c083b4a8505ac494f140df27baa0131f,2690303649
c08200b357019d9afdd987994ae93e2b926fdc05,2690303080
90cc94fe3f4c0704c120c9ac6f34c841db3a513d,2690304134
daf1b6fcdbf0b17ec59629ff5afbff7f32c8b8f3,2690303944
1855308974d513619aa669ff60d16a10ca4b8ac1,2339925377
8f94fe5644b58fb143bbce641db2806c2aaad9cb,2661823297
cb6a0064e2c39eb60fd66060eb052cbcd5a435b4,2690303951
69f5dffd41677c6e2686405d6949d48b441206dd,986152901
8c07d605577f5ff4ae7846e07f3df3cc20bafcfd,2690303868
a8990dc6f92f6030c68e028863346c965a7764d1,2690303018
9d147d7acc18becec81d3590fcb64e28e4103aaa,2690303808
f749cd8d632aab6c5b6ef3a116a85c668deeae87,2690303015
d4ffd57c3d290c5cc062f01fbb54f1ced32510a2,2289646868
5c2c66b66defe89f1ccef1a34dfddc664f5a3c56,2690303668
f931ad4404bd514789943a3779e8ab2dd76b4dea,2690304029
b95ab1f45ab14dbbc899f67d72aab23555aa1437,2690304144
2fffaa63a4c1caa4db4af96f4a07f68623d84b53,2690303933
674a80fda750a325c5935f0f49edb0f5e0c73723,2690303065
4d23d42e61de3e4d8c089525a5d590129df70918,2690304146
65dce6ff79890d15f1e1f9162da71c7272fe8372,2640397049
70c705b9a8677cae7a2cc0c62e9d887a5ee46385,2690303802
48585d9818ef01fb1a0d76ae94211be23f75718b,2690304148
b2b22b2f9b8d21db9a9a09f89612ed22c6bfa744,2690304074
1154ce9d0639c4b8f6ba1ee45ef582360e1cdf5b,2690303192
883e0f7e7c45a96da0fab651abab0866de3db986,2690303984
32b9e0c402ef85dba09095adc499e0aa73caca1b,2690303991
c56b2c20f77ab43bdb139815c197874a4deef6d0,2690304017
add843c6823bc4339eb847fd93b9700e03c20f95,2690303942
42397d3797929e14a5622daaf21a1a718800ad3a,2690304155
af654ecd1f755d879a7f39e02b69ead922bcb9ee,2690304011
376ca2882117b42e0c6170c94c2816ccf0393528,2690303614
3bbe0bdc8fd757760aac86b36f46c2a37bff07d0,2690303947
8819d8a3b87b01532c30ca4710031094fb7f1ce7,2690304159
1853a42d12f1c05bf2bc2701e3ba578e404e9285,2690304160
80f5759c805f43e311ae12486a2fffc211e7c0ba,2690304161
6a3aefbc17911cce1ae007018b783c15cfddb955,2690304076
0dd6a1090c5beda8d370388c2547f72a57f287ce,2690304069
c3d3ebb83ebcd26249ade5e0f4fdadc5a1b0306e,2690304164
65e92b66765da7a90f7bca73bd197c6754e7aa19,2690303818
4adc006c8fa01513887bf144e1debf021a072bd5,2690303529
008fccd8ef6e6f1cbd75b2be22bdf5cf787fc685,2690304167
175a182c5cbd28c77fdec2ec766abf37c0ab48ea,2690303742
1252537edb834087286c88524e3ea23ddab8b74e,2690303993
10932e1a06851bfd57ece7da881931fe8c812697,2690303946
b9cf75fffde28e02756eba96d010870e4ef627c8,2690304171
62c06ed698155336a818adc39f207f20a168ac19,2690304093
f7c99d325c0d3e28cc4a95d8868baba94d72d339,2690304173
69b757bb60efe238f8b6a657da6489695b474d73,2690304174
3a4d82ca166c80ea48ffa76e754ff72da54bd8a0,2690304175
297483032ccdf2fd2656dd187f5187fa7323998c,2690304053
85b23c4540b25e6750d9a7dd2d1a563c2cb96036,2690303957
9c98f04f2c90d3906017f66ec7ffe042e696efbd,2651650890
386d834a14ac01c5e7f66ad65d6af929a076a3fb,2690304179
016ae28dd1e8b7a19be8b01a05461778b245bf09,2690304058
3bf8426c9bff8ca4a95e6bd5ad850ef4c2659db5,2690304181
d52a9e7f392fc39d57988663881c6c76a29dc280,2690303955
71d6fe3b954e8ba66a39ddd4cce954118f4e5f9b,2690302945
b62f7080245d93a38db082580cdbc488d717a91d,2690304184
8b293f318342d4114925373ce86c9b7daf160259,2690303251
a26c1dcae363eb0af831c2ebcd76cc801ae8b5d1,2690304186
2405b7bbc3114805a507375a03b2bccdaa26f286,2690303941
3cc6102f951ddaa5bac3dfe0a46f091b5ce9c1e1,2690302958
2fd29eb38b591fd796a7110dda98e6144e8b36ae,2690304189
34f97ea649e0c766fe495e587689cad9862e68ea,2690304190
ca2e44d5499469db0777e6f8210314e0daf2569d,2690304191
0058e1479a7e75b5d52c4e0c9ea11403b7462984,2690304192
2bbe589acaeba07ab476d9da2c46b75a2034f310,2690304193
b810446364211ae84becdad9b9245a09a03d0343,2290360456
2b9beb370e39960db312e20477d668d27ea9e22e,2690304031
a0a28d8e35bc0a4a5c70f890b981870c0ce074ea,2690304195
ffb142e91af98555b826bb26471d9a1897fd1e7c,2580512150
bdfd5592984d01be264ccd23dc3669834d6d7f9b,2690303177
912d8736f9cfda9e47edfd0e46042cf083689e81,2274750439
44c872ebc92735c9c5ec16f9d314669b6cb76ad3,2690302938
f423a4f809e669ea0a7e63a5a73af01703fc3deb,2656694012
e5b3b908f36b0b6871c97ecc717a167ffb8455ab,2690304199
b86e0ecc0c2ca26fd504dfa7f1c922d49c12814f,2690304006
61b6bf455bcd1e7fbed5b12efcae1fb8befe5e4a,995353823
6b9deaa7acca17ef95add67f3f273156a3d6812b,2681996676
1b79bc423d3bcd7e01b7509b8fd5e2c47f82bc88,2690303632
ad2c6758da85635906640fcae02d27b4dd4926db,1115749210
66671dcd0d01356c542110be3774e4bda8324f94,2690303814
878aa4fee4c2c158e050fd6f29800dbf3b140dbf,2291402205
a46b37cce41c986772072c08ff38123c6fbe594e,2690304204
eae6c15f7de3447a31bd73dcd3f5d49b45b2451c,2690303935
5055cfc8e45e9162540defc15346ea194fddd4a4,2310320921
7fe5005293ca63fd682a6a83fc76580f06f6e4be,2690303967
ca0729261ed50cf09f8ad8ab7920fb70d6ed2df3,2690304068
34099f758363392606dea5b324cb3a882dbc7d13,2690304022
b394faa27e7e5cecdbf28c2915efbd96613caeea,2690303154
57fe6c5429b8b03e7edbfbf98a5e8028eb29dbe2,2690304210
b250351230c9005b600f241a89a18f4ed46457da,2690304211
6e703ca40c46980e503179a67c10ede729a4a17d,2668346501
e31f3855fac57dfab451ed622c9bb1da19a7eaeb,2690304212
0ea768a6879a0980ecd447473224a1ef10f209f2,2690303027
411902b9c9a7037aa2a71e02865295888843a889,2690304214
7157ef30f4dda8b4273a0636f2dee7d9f1855380,2682961366
8b7225c744e49c3b6c4041c9430cf257763d9683,2690304077
01bdd89c0fea8cef3cf1b038e0e520f363cb832b,2690304079
cdef1bc9dce5fb5a9bb9a6c451d8eae672bea269,2690303194
69db97b8b237090b33db531632c34b2668e9756e,2690304219
f74ee0e9bb49688eea05c4522329cb9ae88ebb89,2690303972
f987fdb6c019c7b0b8bf992da53a6d508b58a6d1,2690303025
39076a63d7c4fad0ac3d4015582bfad297f656a6,2690304222
283d4eaaba0341f6c19f7d5aef6089b59ba3e0bc,2690304091
6137b3f7e698d6b6b8cb6e62456f998a65cf435a,2690304224
de7c328a53307423891215afccf59a7466e88cb6,2690303980
40f67d3c5b2dcc9731fc2a2af2cf9a598a19ea5a,2690304226
6bd7f9ba8ec888b5fef0b1d26c670aa77eb5b47e,2690304227
2a15c720f7b2b384f9faaf9d759aa0f23bcc0a49,2690304071
6aae2de0d9c616ce908b1683916741fcc0a1bf40,2690304082
3896593059c6e61a4969216a5bf1c9012b3f3302,2690303386
2e52f1a32b7459d9b6f74031652e63316c96119f,2690303200
f96e7cc34932f3665ba7ab8eaebda5a41c2736e3,2690303988
5acdd686fe5d393d152536681de860035b22c2f9,2690303799
946f629edcaa9efefed56b7f4992c0e026786287,2387716972
b701549ead0dd87be42b738cddfdfc3c4b097089,2690304234
db6c579d530c3801162f8e88f0578e9227ad5aa6,2690304235
b046bac5ea5542495f3ea8a3bf0fc6d653fb0f9d,2690303934
69e5e8377aa6fe3dba1a515a43b973df9d73919d,2279380401
f880a6a485d36dd3ca1056e2bdf59cfd99255c9a,2582719252
65a05ce4c1babfbe37d1be8b570068014b150dd4,2690303612
c2e8384793e3bd66978789bdda298bedfb447a85,2690304238
e40bb949b258286fb4ac450da510de7bea5de249,2635867443
ac1544aa31a6c28d4e69d742fb5f18e5a95960fd,2690304064
ccbc6a3d4cac58c04f8a99e95b06535c87b62293,2690304080
42c4dc6f08bea26302b1ac7bff2be93fba5531a5,2690304241
c787b779d7d69808bf59b5ac4d72b495bf1f014b,2690303472
a1021e4f51aa64f827fb52f3e7d39e11f53d8b9f,2690302963
1c1db5bc5a06b74c92c02a9d31489c99864049b3,2690304014
7edeb02874287e0aef6a14e91c56bb189ca78d2d,2690304245
2bd31b48f486f2f13181db2fea46e09f415406ba,2690303148
460c9d46b962d89ab552401602ff7caeeb0c0e36,2690304247
3317a2fe7383a5f519880ffb3a26c9f98845b170,2690302965
6ead0e7ede48cc8af6011c6eb94785f41c3084b4,2690303952
24473e1d8560834ae891c90e7883b4ef01f345be,2690304048
583542831f5e5ce47b251044a8aced5971bc05aa,2690304052
df7a8297d1e3790db818f355685426f0a0826905,2690303783
f9d0cd984570c31c8f0112492a6bfb58897df6c8,2690304081
f720e601e6eab2e3eec9676c6296d34db1f875dd,2690304254
2efd2bfd2862a62b032731ffbb27eda541f87693,2690303930
d827945cbd1340f9aa85e6c446179f3c19919624,2690303009
aac1318869faf540fc0571ff213c19a30621ebab,1012843352
2b5062b0040dfb27395f47437952c043ab321929,2690304066
786a76b37bb5e45bb9e1089e8db9eb9cfd25a633,2690304258
dcce42bfea1634a7e35b9bce5f89283bea909af2,2690303267
8ca1f6ef60dae8bd95e4b17e539ab3ff1a3cafa6,2690304260
ff01ee251d88b2fcc0839f97a0583db7d2d1d7b7,2690303404
c6b232014aa5df6a9c82febb6458ceb3b4ef0df9,2446173095
a8174b4d12d1b018829dcf285e1713f489c31fb5,2690303187
1f2e918d7b53c5f0a3ff4ecf18e8d6175776dc49,2690304263
f0d2c2a48b01cf1bb412b6f634e27c7ce48797cb,2690303963
006a95c05c48e5361c372ad4690917b45bf069a2,2690304265
ca7bc1cf0a9515e7f194099b60f6b822fab4f3e0,2690304266
f9119cdd023ddc640233d537eb611df5202d2353,2690303986
584725623087c2dd192fad557e397a08e16487c4,2690304268
94fb0090521c08ad72fd3100bc310ccc35ac5d97,2690303798
b7e4fbb1bcb81cd683abc11d1a728f432e5b2aac,2690304095
560c0d7bb362eaadd85e82bb01dd4999ada15021,2579354871
3fe8fe199235164c55ee3e2a2df0974387af6c40,2690304272
ea6d8e69f234752666c52278987483877f655d7d,2690302973
9e1dfae09b7ff6b873b3f0a8f5cbd9dfb0c6b392,2273812889
a320e98504159525f79a19739ce04c7e68b487be,2335655619
7bb4dc09417fbd9e0e524e7c1c20437dec1aeaac,2690304275
c61e2169e7276b3df7be66f1faa17d8627a23e4a,2690303082
e12b4053f8aee0599f1d6847ba98b0319b8507ca,2690303687
9995d32f6ee05a8b75d228ed993c36f62637e234,2690303610
52b7195ec16d12b8038c087c4f4b6a2c24e26dbc,2690303784
3dfcf9cc996a51e916293b893f2e4fba7611f102,2690303875
e152d867b5b394fe9c7c329294aefd019f604bac,2690304281
69a99d068d9be15b603ca8a31bfa592e05de94c9,2589296493
600f886e47d4bf79f4b0757686ae332564f3afc3,2690303797
06405b2f2ab98fbb8eb8d569ddad9b63eeaec41e,2690303999
0c6fe87801617f5f3318c3c6220053475421fdf7,2690304284
149104706ad857f92ce1b61ec5ee29fc70fd2771,2690304027
6542cdf2fdf41ac3f747304822b1d954d422c80e,2681728826
90fb1e36e0272e6e8bbaefbd32839f29f536a366,2673628221
dc997a3b5e3ec3f7371731ab70a40362df6da6e4,2690304008
dcb90998c677a9e0b93ff0692798942e1dfab011,2352871420
65511b81a58b66946d0d8c342d9dd1405ccc815d,2690304016
875abf8989435706144f9db86ea01cf1639cc192,2690303236
