2001:1600:10:100::201,,0
2001:1600:10:100::226,,0
2001:1600:10:100::3ab,,0
2001:1600:10:100::7dd,,0
2001:1620:425a:6fde::10,,0
2001:1620:4:d401:20c:29ff:fe4c:acef,,2
2001:1620:529a:fb1::221,,0
2001:1620:5477:7777::2000,,0
2001:1620:ad1::24,chromium.darkpackets.net,0
2001:1620:ad1::36,phobos.darkpackets.org,0
2001:1680:101:43f::1,35766.hostserv.eu,0
2001:1900:5:2:2::583a,,0
2001:19f0:4400:69b1:5400:3ff:febb:2687,,2
2001:19f0:5001:3498:5400:3ff:fee0:21f,,1
2001:19f0:5001:3f24:5400:4ff:fe25:ce77,,1
2001:19f0:5801:1c4f:33f7:cc3a:42b1:1162,,1
2001:19f0:5801:836:5400:1ff:fef8:30ea,,2
2001:19f0:5:53f6:5400:4ff:fe11:b4b2,,1
2001:19f0:5c00:1c45:5400:4ff:fe0f:dc3d,,1
2001:19f0:5c01:1c7f:5400:3ff:fe54:2f45,,2
2001:19f0:5c01:a8:5400:4ff:fe21:4663,,2
2001:19f0:6001:13af:5400:2ff:fe26:aef,aux.acacia.red,1
2001:19f0:6001:4a2c:5400:4ff:fe13:81e,,1
2001:19f0:6001:50ec:5400:4ff:fe18:6cbb,,1
2001:19f0:6001:ff:5400:4ff:fe31:8700,,1
2001:19f0:6c01:23cb:5400:4ff:fe35:8a5d,,1
2001:19f0:6c01:878:5400:4ff:fe35:8a5c,,1
2001:19f0:6c01:e9a:5400:3ff:fe8d:b35f,,1
2001:19f0:7400:8507:5400:4ff:fe30:f556,,1
2001:19f0:8001:f60:5400:3ff:fea9:8ed1,,2
2001:19f0:9002:255c:459f:9c0:1b9d:2e1b,,1
2001:1ad0:c4fe:504::11,,0
2001:1af8:4700:a114:6::1,,0
2001:1b60:2:1:3935:104:0:1,,4
2001:1b60:2:32:4104:104:0:1,,5
2001:1b60:3:214:3235:104:0:1,,1
2001:1b60:3:221:3132:102:0:1,,7
2001:1b60:3:221:4134:101:0:1,,7
2001:1b60:3:239:1003:103:0:1,,9
2001:1b60:3:239:1003:106:0:1,,7
2001:1bb0:e000:1e::2ff,,0
2001:41c8:51:194:feff:ff:fe00:352,runresults2.default.runningresults.uk0.bigv.io,2
2001:41c8:51:490:feff:ff:fe00:3214,errm.default.uums.uk0.bigv.io,6
2001:41c9:1:421::173,nova.blacksun.org.uk,0
2001:41d0:1004:b5a::1,,0
2001:41d0:1008:314f:1337:acab:0:1,elf.srvdns.de,1
2001:41d0:1:9c6f::1,pdp8.buckket.org,0
2001:41d0:1:c441::,,0
2001:41d0:1:e106::1,,0
