"Indicator type","Indicator","Description"
"domain","senseless-convention.de",""
"domain","lab.cat",""
"domain","superbia.eu",""
"domain","govanify.com",""
"domain","tor-exit.cf",""
"domain","24vitation.com",""
"domain","jonaswitmer.ch",""
"domain","swoarly.de",""
"domain","1337.la",""
"domain","multivac.io",""
"hostname","static.232.44.9.176.clients.your-server.de",""
"hostname","66-206-0-82.static.hvvc.us",""
"hostname","customer.worldstream.nl",""
"hostname","tor-exit-anonymizer-12.appliedprivacy.net",""
"hostname","tor-exit3-readme.dfri.se",""
"hostname","157.emeraldonion.org",""
"hostname","tor-proxy-03.for-privacy.net",""
"hostname","fr.tor.pwn.party",""
"hostname","v22019048205187093.luckysrv.de",""
"hostname","tor-proxy-07.for-privacy.net",""
"hostname","static.82.149.243.136.clients.your-server.de",""
"hostname","deurpost.prutsnet.nl",""
"hostname","thc.drkhsh.at",""
"hostname","tor-exit-anonymizer-06.appliedprivacy.net",""
"hostname","tor.t-3.net",""
"hostname","djb.tor-exit.calyxinstitute.org",""
"hostname","geri.enn.lu",""
"hostname","static.90.153.9.5.clients.your-server.de",""
"hostname","static.209.61.76.144.clients.your-server.de",""
"hostname","tor4.quintex.com",""
"hostname","hosted-by.iws.co",""
"hostname","tor-exit-anonymizer-10.appliedprivacy.net",""
"hostname","ip5.ip-79-137-112.eu",""
"hostname","v22018042160764027.happysrv.de",""
"hostname","static.85-10-200-109.clients.your-server.de",""
"hostname","anonymous6.sec.nl",""
"hostname","thorfred2.ddns.net",""
"hostname","nlhoarder025.usermanaged.net",""
"hostname","server987.seedhost.eu",""
"hostname","the-windy-onion.tor-exits.alec.ninja",""
"hostname","bar.bandie.org",""
"hostname","tor50.quintex.com",""
"hostname","ip43.ip-79-137-116.eu",""
"hostname","ns3132337.ip-51-75-129.eu",""
"hostname","toreador.webenlet.hu",""
"hostname","static.18.9.9.5.clients.your-server.de",""
"hostname","62-210-93-142.rev.poneytelecom.eu",""
"hostname","sntor.snt.utwente.nl",""
"hostname","ns3083126.ip-145-239-7.eu",""
"hostname","static.66.51.251.148.clients.your-server.de",""
"hostname","108.61.99.149.vultr.com",""
"hostname","anonymous.schmutzig.org",""
"hostname","static.23.153.9.5.clients.your-server.de",""
"hostname","tor49.quintex.com",""
"hostname","ns3091493.ip-54-36-120.eu",""
"hostname","tor-exit.386bsd.net",""
"hostname","mrkrabs.exit.tor4us.net",""
"hostname","tor.piratenpartei-nrw.de",""
"hostname","wiebe.tor-exit.calyxinstitute.org",""
"hostname","62-210-83-207.rev.poneytelecom.eu",""
"hostname","ns3119175.ip-51-38-180.eu",""
"hostname","tor7.terjan.net",""
"hostname","212-51-129-49.fiber7.init7.net",""
"hostname","tor-exit.r3.darknet.dev",""
"hostname","v22019057958990561.quicksrv.de",""
"hostname","ns3129544.ip-51-75-144.eu",""
"hostname","g-corelabslu.entry.lu",""
"hostname","mario-louis-sylvester-lap.tor-exit.calyxinstitute.org",""
"hostname","eli.dereferenced.net",""
"hostname","tor-exit.marx.wtf",""
"hostname","ns3066555.ip-176-31-229.eu",""
"hostname","static.102.92.9.176.clients.your-server.de",""
"hostname","static.21.11.251.148.clients.your-server.de",""
"hostname","politkovskaja.torservers.net",""
"hostname","malta1784.startdedicated.com",""
"hostname","static.132.82.243.136.clients.your-server.de",""
"hostname","static.91.71.76.144.clients.your-server.de",""
"hostname","lumumba.torservers.net",""
"hostname","phoolandevi.tor-exit.calyxinstitute.org",""
"hostname","chaos.delroth.net",""
"hostname","neptun.johannm.de",""
"hostname","tor-readme.shirfire.net",""
"hostname","ip192.ip-51-77-251.eu",""
"hostname","ns3078984.ip-217-182-198.eu",""
"hostname","loft9091.serverprofi24.com",""
"hostname","research.slashcrypto.org",""
"hostname","static.88-198-128-218.clients.your-server.de",""
"hostname","morty.ultrasrv.de",""
"hostname","unn-95-168-216-152.superhosting.cz",""
"hostname","ori.enn.lu",""
"hostname","loft9169.serverprofi24.com",""
"hostname","static.91.153.9.5.clients.your-server.de",""
"hostname","201.emeraldonion.org",""
"hostname","ns3127231.ip-51-68-204.eu",""
"hostname","ns3127990.ip-51-68-205.eu",""
"hostname","v22018117211276672.bestsrv.de",""
"hostname","rainbowwarrior.torservers.net",""
"hostname","static.57.151.46.78.clients.your-server.de",""
"hostname","ip219.ip-213-32-119.eu",""
"hostname","rahja.lf-net.org",""
"hostname","5efd8dd.retik.eu",""
"hostname","ns3129545.ip-51-75-144.eu",""
"hostname","atlantic746.serverprofi24.com",""
"hostname","62-210-99-162.rev.poneytelecom.eu",""
"hostname","freki.enn.lu",""
"hostname","static.148.39.243.136.clients.your-server.de",""
"hostname","static.211.43.9.5.clients.your-server.de",""
"hostname","litavis.grmml.net",""
"hostname","tor-relay.zwiebeltoralf.de",""
"hostname","v2201907984692403.nicesrv.de",""
"hostname","ns3079939.ip-217-182-196.eu",""
"hostname","tor-proxy-02.for-privacy.net",""
"hostname","tor.dsi.tu-berlin.de",""
"hostname","backup.cxx.rocks",""
"hostname","195-154-164-243.rev.poneytelecom.eu",""
"hostname","ns3083128.ip-145-239-7.eu",""
"hostname","i7.homwer.com",""
"hostname","static.139.4.243.136.clients.your-server.de",""
"hostname","ns100604.ip-147-135-4.us",""
"hostname","billsf.tor-exit.calyxinstitute.org",""
"hostname","51-15-185-201.rev.poneytelecom.eu",""
"hostname","pub.cxx.rocks",""
"hostname","q2.flashingcourt.finishingtouchlandscapellc.com",""
"hostname","more-info-at-http-dienste.luensmann.it",""
"hostname","ip220.ip-217-182-50.eu",""
"hostname","v22018112160776791.luckysrv.de",""
"hostname","163-172-21-117.rev.poneytelecom.eu",""
"hostname","tor17.quintex.com",""
"hostname","218-89-15-51.rev.cloud.scaleway.com",""
"hostname","ip10.ip-91-121-224.eu",""
"hostname","tor-exit5-readme.dfri.se",""
"hostname","patrickstar.exit.tor4us.net",""
"hostname","205.emeraldonion.org",""
"hostname","ns3082987.ip-145-239-6.eu",""
"hostname","e5.eagerlow.zeurono.com",""
"hostname","tor-exit.artikel10.org",""
"hostname","static.184.91.76.144.clients.your-server.de",""
"hostname","tor-exit.r2.darknet.dev",""
"hostname","104.238.167.111.vultr.com",""
"hostname","14-80-15-51.rev.cloud.scaleway.com",""
"hostname","static.100.40.130.94.clients.your-server.de",""
"hostname","v22019017737382037.powersrv.de",""
"hostname","tor-exit-anonymizer-08.appliedprivacy.net",""
"hostname","static.84.79.76.144.clients.your-server.de",""
"hostname","tor-exit-proxy.donategrid.com",""
"hostname","tor-exit-anonymizer-03.appliedprivacy.net",""
"hostname","str1-nbg.sblo.ch",""
"hostname","tor-proxy-06.for-privacy.net",""
"hostname","phaeton.fscore.de",""
"hostname","ns340204.ip-5-39-69.eu",""
"hostname","v22019057958990562.hotsrv.de",""
"hostname","static.105.142.216.95.clients.your-server.de",""
"hostname","static.29.44.9.5.clients.your-server.de",""
"hostname","loft9385.serverprofi24.com",""
"hostname","e82-103-140-87s.cust.easyspeedy.com",""
"hostname","51-15-18-163.rev.poneytelecom.eu",""
"hostname","tor5.pub.t4cc0.re",""
"hostname","66-206-0-146.static.hvvc.us",""
"hostname","38.georgeorwell.de",""
"hostname","tollana.enn.lu",""
"hostname","tor-exit-anonymizer-04.appliedprivacy.net",""
"hostname","tor5e1.digitale-gesellschaft.ch",""
"hostname","tor42.quintex.com",""
"hostname","ip-54-36-205-38.ddhosts.net",""
"hostname","no-rdns.mykone.info",""
"hostname","relay.virtualkitchen.org",""
"hostname","ns3079937.ip-217-182-196.eu",""
"hostname","marylou.nos-oignons.net",""
"hostname","tor20.quintex.com",""
"hostname","tor-exit-readme.torturing.de",""
"hostname","wedjat.horus-it.com",""
"hostname","static.11.67.69.159.clients.your-server.de",""
"hostname","tor-proxy-09.for-privacy.net",""
"hostname","fastlane.apk.li",""
"hostname","550ac32b.retik.eu",""
"hostname","212-129-5-219.rev.poneytelecom.eu",""
"hostname","ns3128207.ip-51-68-206.eu",""
"hostname","nobody.yourvserver.net",""
"hostname","eos.fscore.de",""
"hostname","8ac97a37.retik.eu",""
"hostname","static.205.175.76.144.clients.your-server.de",""
"hostname","cry.ip-eend.nl",""
"hostname","185-171-130-240.skpnet.nl",""
"hostname","l105-tor.berlin.freifunk.net",""
"hostname","tor.zim.uni-due.de",""
"hostname","kiriakou.tor-exit.calyxinstitute.org",""
"hostname","station57.ueno.red",""
"hostname","mail.sdmjc.net",""
"hostname","tor.freemirror.org",""
"hostname","ip157.ip-51-38-164.eu",""
"hostname","server984.seedhost.eu",""
"hostname","62-210-181-119.rev.poneytelecom.eu",""
"hostname","greyponyitnyc001.greyponyit.com",""
"hostname","tor-proxy-08.for-privacy.net",""
"hostname","tor-exit-anonymizer-09.appliedprivacy.net",""
"hostname","tor-proxy-04.for-privacy.net",""
"hostname","ip107.ip-167-114-35.net",""
"hostname","195-154-181-146.rev.poneytelecom.eu",""
"hostname","tor-exit-node.1.privacyrepublic.org",""
"hostname","ip176.ip-5-39-33.eu",""
"hostname","193.emeraldonion.org",""
"hostname","36-89-15-51.rev.cloud.scaleway.com",""
"hostname","ns3126421.ip-54-36-166.eu",""
"hostname","rosaluxemburg.tor-exit.calyxinstitute.org",""
"hostname","ns3079940.ip-217-182-196.eu",""
"hostname","tor3.quadhead.de",""
"hostname","ns542132.ip-144-217-255.net",""
"hostname","163-172-209-161.rev.poneytelecom.eu",""
"hostname","tor-exit.r1.darknet.dev",""
"hostname","static.58.53.9.176.clients.your-server.de",""
"hostname","100.emeraldonion.org",""
"hostname","static.29.131.243.136.clients.your-server.de",""
"hostname","tor-exit-node.7by7.de",""
"hostname","odin.relay.ulayer.is",""
"hostname","static.165.57.76.144.clients.your-server.de",""
"hostname","snowden.tor-exit.calyxinstitute.org",""
"hostname","lu1.exit.tor.alkyl.eu.org",""
"hostname","163-172-53-201.rev.poneytelecom.eu",""
"hostname","163-172-104-221.rev.poneytelecom.eu",""
"hostname","tor-exit-hermes.greektor.net",""
"hostname","tor18.quintex.com",""
"hostname","static.164.148.9.5.clients.your-server.de",""
"hostname","ns3104827.ip-54-36-164.eu",""
"hostname","181-125-15-51.rev.cloud.scaleway.com",""
"hostname","lotor.mcl.gg",""
"hostname","this.is.a.tor.exit.node.zzif.net",""
"hostname","tor-exit-anonymizer-05.appliedprivacy.net",""
"hostname","xe-0-0-19-2-279.a00.frnkge13.de.ce.gin.ntt.net",""
"hostname","heron.bruckbu.de",""
"hostname","82-197-218-97.dsl.cambrium.nl",""
"hostname","static.148.176.243.136.clients.your-server.de",""
"hostname","static.131.40.9.176.clients.your-server.de",""
"hostname","vps1637260.vs.webtropia-customer.com",""
"hostname","static.104.22.251.148.clients.your-server.de",""
"hostname","ns3079934.ip-217-182-196.eu",""
"hostname","tor1.gerger-net.de",""
"hostname","onion2.shelldog.de",""
"hostname","chomsky.torservers.net",""
"hostname","c-8bb2e655.019-3-6d6c6d4.bbcust.telenor.se",""
"hostname","tor.opuslogica.com",""
"hostname","tor4thepeople2.torexitnode.net",""
"hostname","ip-213-220-220-60.net.upcbroadband.cz",""
"hostname","tor-proxy-05.for-privacy.net",""
"hostname","tor-exit1-readme.dfri.se",""
"hostname","jaffer.tor-exit.calyxinstitute.org",""
"hostname","59-117-108-193.clients.gthost.com",""
"hostname","a2.longforat.topplitka.com",""
"hostname","ns3127631.ip-54-38-92.eu",""
"hostname","62-210-125-130.rev.poneytelecom.eu",""
"hostname","static.205.69.243.136.clients.your-server.de",""
"hostname","lns-bzn-54-82-251-74-105.adsl.proxad.net",""
"hostname","tor.meinecloud.me",""
"hostname","static.124.107.76.144.clients.your-server.de",""
"hostname","ip16.ip-54-38-73.eu",""
"hostname","195-154-28-200.rev.poneytelecom.eu",""
"hostname","80-253-92-93.init7.net",""
"hostname","tor13.quintex.com",""
"hostname","tor44.quintex.com",""
"hostname","163-172-4-100.rev.poneytelecom.eu",""
"hostname","hosted.by.seedbox.io",""
"hostname","v22018112160776790.supersrv.de",""
"hostname","tor-exit.dhalgren.org",""
"hostname","angmar.informatik.uni-erlangen.de",""
"hostname","freedom.ip-eend.nl",""
"hostname","ns3102095.ip-145-239-255.eu",""
"hostname","ns3129556.ip-51-75-144.eu",""
"hostname","korematsu.tor-exit.calyxinstitute.org",""
"hostname","244-77-15-51.rev.cloud.scaleway.com",""
"hostname","ip178.ip-5-39-33.eu",""
"hostname","static.136.70.203.116.clients.your-server.de",""
"hostname","209-205-20-31.ftth.glasoperator.nl",""
"hostname","ns381528.ip-94-23-247.eu",""
"hostname","ns101687.ip-147-135-6.us",""
"hostname","static.167.143.9.5.clients.your-server.de",""
"hostname","tor-exit-anonymizer-11.appliedprivacy.net",""
"hostname","tor03.zencurity.dk",""
"hostname","spitfire.initlab.org",""
"hostname","ns3138560.ip-51-77-52.eu",""
"hostname","newton.toolspire.com",""
"hostname","ip154.ip-79-137-106.eu",""
"hostname","relay01.tor.nodv.in",""
"hostname","static.85-10-202-207.clients.your-server.de",""
"hostname","envato.webcare360.com",""
"hostname","200.emeraldonion.org",""
"hostname","207.emeraldonion.org",""
"hostname","dag.grmml.net",""
"hostname","ns.tor-exit-4.artikel5ev.de",""
"hostname","static.184.92.9.176.clients.your-server.de",""
"hostname","tor19.quintex.com",""
"hostname","nlwhalegbit018.usermanaged.net",""
"hostname","chili.kuehrmann.net",""
"hostname","tor43.quintex.com",""
"hostname","freedns.ludost.net",""
"hostname","204.emeraldonion.org",""
"hostname","onyx.ip-eend.nl",""
"hostname","203.emeraldonion.org",""
"hostname","static.44.38.69.159.clients.your-server.de",""
"hostname","84-113-15-51.rev.cloud.scaleway.com",""
"hostname","ns3082988.ip-145-239-6.eu",""
"hostname","ns3078969.ip-217-182-198.eu",""
"hostname","static.213-239-213-190.clients.your-server.de",""
"hostname","ns3102689.ip-54-36-165.eu",""
"hostname","ns3079936.ip-217-182-196.eu",""
"hostname","static.4.79.46.78.clients.your-server.de",""
"hostname","mail.jenix.net",""
"hostname","66-206-0-138.static.hvvc.us",""
"hostname","tor-exit-01.thehappy3.com",""
"hostname","static.43.98.9.5.clients.your-server.de",""
"hostname","ip4.ip-79-137-112.eu",""
"hostname","195-154-179-3.rev.poneytelecom.eu",""
"hostname","gate.f.rz-kaltenhof.net",""
"hostname","hosted-by.eqservers.com",""
"hostname","static.72.46.9.176.clients.your-server.de",""
"hostname","q3.flashingcourt.finishingtouchlandscapellc.com",""
"hostname","mail.wiuwiu.de",""
"hostname","28-184-158-51.rev.cloud.scaleway.com",""
"hostname","neurostar.ftzplex.com",""
"hostname","195-154-156-5.rev.poneytelecom.eu",""
"hostname","tor5.quintex.com",""
"hostname","h-158-174-122-199.na.cust.bahnhof.se",""
"hostname","turing.tor-exit.calyxinstitute.org",""
"hostname","ns3128209.ip-51-68-206.eu",""
"hostname","a36s-tor.berlin.freifunk.net",""
"hostname","tor4e3.digitale-gesellschaft.ch",""
"hostname","static.207.121.9.5.clients.your-server.de",""
"hostname","zeus.tor.eptic.me",""
"hostname","ns3082025.ip-145-239-66.eu",""
"hostname","static.243.91.201.195.clients.your-server.de",""
"hostname","tor-exit.hartvoorinternetvrijheid.nl",""
"hostname","ns3145309.ip-51-83-37.eu",""
"domain","quadriga.nu",""
"domain","cypher.pw",""
"domain","cicolina.org",""
"domain","torelay.org",""
"domain","fabiankeil.de",""
"domain","podciarou.sk",""
"domain","mrdetonia.com",""
"domain","accessnow.org",""
"domain","continuingfocus.com",""
"domain","privacy.is",""
"URL","http://dynamic.wline.res.cust.swisscom.ch",""
"hostname","54.ip-51-79-52.net",""
"hostname","231-152-172-163.rev.cloud.scaleway.com",""
"hostname","mimer.dotsrc.org",""
"hostname","tor-relay6.rofl.cat",""
"hostname","grem.stedbg.net",""
"hostname","5fd811a4.retik.eu",""
"hostname","185-225-16-146.mivocloud.com",""
"hostname","ms399.moonshot.dedi.server-hosting.expert",""
"hostname","tor-relay01.veilsoftheonion.eu",""
"hostname","104.238.188.98.vultr.com",""
"hostname","tor27.quintex.com",""
"hostname","polaris.nur-dc3.enowaves.space",""
"hostname","183.emeraldonion.org",""
"hostname","relay2-eu.tor.eptic.me",""
"hostname","tor33.quintex.com",""
"hostname","static.66.78.76.144.clients.your-server.de",""
"hostname","algrothendieck.nos-oignons.net",""
"hostname","91-143-80-147.que3.de",""
"hostname","ns3072386.ip-79-137-68.eu",""
"hostname","h.m.m.mm",""
"hostname","tor-relay-3.mnpnk.com",""
"hostname","luxembourg.tor-relay.host",""
"hostname","adsl-178-39-212-253.adslplus.ch",""
"hostname","151.emeraldonion.org",""
"hostname","static-ip-85-25-159-65.inaddr.ip-pool.com",""
"hostname","moria.rznij.net",""
"hostname","tor4thepeople3.torexitnode.net",""
"hostname","abelohost-92.93.217.185.dedicated-ip.abelons.com",""
"hostname","hosted-by.blazingfast.io",""
"hostname","tor.zzif.net",""
"hostname","196.emeraldonion.org",""
"hostname","static-ip-188-138-102-98.inaddr.ip-pool.com",""
"hostname","this-is-a-tor-exit-node-hviv113.hviv.nl",""
"hostname","202.emeraldonion.org",""
"hostname","c-0b57e353.011-165-73746f29.bbcust.telenor.se",""
"hostname","tor.privoxy.org",""
"hostname","ns3112521.ip-54-36-108.eu",""
"hostname","data2.guerrier.info",""
"hostname","tor37.quintex.com",""
"hostname","tornode.complexity.coach",""
"hostname","47.ip-149-56-44.net",""
"hostname","this-is-a-tor-exit-node-hviv118.hviv.nl",""
"hostname","this-is-a-tor-exit-node-hviv120.hviv.nl",""
"hostname","178-175-143-156.static.as43289.net",""
"hostname","aardbei.vanderzwet.net",""
"hostname","56-76-15-51.rev.cloud.scaleway.com",""
"hostname","102.ip-142-44-247.net",""
"hostname","tor1e1.digitale-gesellschaft.ch",""
"hostname","h2798589.stratoserver.net",""
"hostname","p5.ikarios.com",""
"hostname","tor21.quintex.com",""
"hostname","ip56.ip-149-56-185.net",""
"hostname","srv85178.dssbox.com",""
"hostname","162.emeraldonion.org",""
"hostname","152.emeraldonion.org",""
"hostname","tor-exit.gibberfish.org",""
"hostname","21.ip-51-254-220.eu",""
"hostname","206.emeraldonion.org",""
"hostname","n6.servbr.net",""
"hostname","allosaurus.dinosaur.systems",""
"hostname","195-154-133-124.rev.poneytelecom.eu",""
"hostname","tor4.fissionrelays.net",""
"hostname","motmot.csc.warwick.ac.uk",""
"hostname","83-239-47-212.rev.cloud.scaleway.com",""
"hostname","platinumoyster.relay.mytorservers.com",""
"hostname","tor5e3.digitale-gesellschaft.ch",""
"hostname","cowcat.relay.coldhak.com",""
"hostname","vps1578274.vs.webtropia-customer.com",""
"hostname","ip163.ip-54-36-237.eu",""
"hostname","tor.friendlyexitnode.com",""
"hostname","91-143-81-27.que3.de",""
"hostname","176.ip-51-89-138.eu",""
"hostname","mail.vonkuenheim.de",""
"hostname","haggar.mcl.gg",""
"hostname","tor01.wjg.dk",""
"hostname","1.georgeorwell.de",""
"hostname","tor-exit-node.heteigenwijsje.nl",""
"hostname","154.emeraldonion.org",""
"hostname","unassigned-87.236.194.23.coolhousing.net",""
"hostname","tor-exit.deusvult.xyz",""
"hostname","rome.servbr.net",""
"hostname","tor.arthurfabre.com",""
"hostname","193-106-166-105.ip4.fiberby.net",""
"hostname","tyrannosaurus.dinosaur.systems",""
"hostname","this-is-a-tor-exit-node-hviv124.hviv.nl",""
"hostname","master-of-disaster.tor-exit.laarnes.nl",""
"hostname","bahar.nerdpol.org",""
"hostname","241.ip-54-37-16.eu",""
"hostname","tor-exit-4.all.de",""
"hostname","tor4e1.digitale-gesellschaft.ch",""
"hostname","this-is-a-tor-exit-node-hviv126.hviv.nl",""
"hostname","chimborazo.drbeni.ch",""
"hostname","tor.thd.ninja",""
"hostname","153.emeraldonion.org",""
"hostname","puertasecreta.resistancenetworks.net",""
"hostname","tor01.zencurity.dk",""
"hostname","188.emeraldonion.org",""
"hostname","static.87.44.203.116.clients.your-server.de",""
"hostname","163.emeraldonion.org",""
"hostname","tor47.quintex.com",""
"hostname","195.ip-51-254-136.eu",""
"hostname","torexit.schokomil.ch",""
"hostname","tor23.quintex.com",""
"hostname","152.ip-51-38-99.eu",""
"hostname","ip134.ip-91-134-147.eu",""
"hostname","ip174.ip-66-70-228.net",""
"hostname","tor3.quintex.com",""
"hostname","204-48-15-51.rev.cloud.scaleway.com",""
"hostname","221-109-15-51.rev.cloud.scaleway.com",""
"hostname","this-is-a-tor-exit-node-hviv128.hviv.nl",""
"hostname","mail.gw90.de",""
"hostname","194-64-15-51.rev.cloud.scaleway.com",""
"hostname","tor-exit-1.yui.cat",""
"hostname","torex3.fissionrelays.net",""
"hostname","186.emeraldonion.org",""
"hostname","dazamong-down.burgerpermit.net",""
"hostname","hiball.koshaq.net",""
"hostname","tor-exit2.nodevar.com",""
"hostname","195.emeraldonion.org",""
"hostname","h2807241.stratoserver.net",""
"hostname","76.ip-158-69-113.net",""
"hostname","52-226-47-212.rev.cloud.scaleway.com",""
"hostname","static.5.186.130.94.clients.your-server.de",""
"hostname","2000me.dd-dns.de",""
"hostname","thisis.feralhosting.com",""
"hostname","vodsl-1817.vo.lu",""
"hostname","170.emeraldonion.org",""
"hostname","tor.ovh.schulte.org",""
"hostname","161-240-144-85.ftth.glasoperator.nl",""
"hostname","static.164.101.243.136.clients.your-server.de",""
"hostname","93-248-47-212.rev.cloud.scaleway.com",""
"hostname","billing.cheshiretechnologies.co.uk",""
"hostname","this-is-a-tor-exit-node-hviv114.hviv.nl",""
"hostname","tor.sebastianhahn.net",""
"hostname","ip41.ip-137-74-140.eu",""
"hostname","torrelay.lordi04.net3.marschi.de",""
"hostname","paris.vsif.node.unmetered.hosting",""
"hostname","tor-exit.critical.cat",""
"hostname","71-54-15-51.rev.cloud.scaleway.com",""
"hostname","95.179.212.251.vultr.com",""
"hostname","209.emeraldonion.org",""
"hostname","tor-exit4-readme.dfri.se",""
"hostname","tor.tuzvo.sk",""
"hostname","ns3291937.ip-5-135-187.eu",""
"hostname","182.emeraldonion.org",""
"hostname","nighthawk.ftzplex.com",""
"hostname","62-210-37-82.rev.poneytelecom.eu",""
"hostname","server-91-233-116-119.creanova.org",""
"hostname","static.104.181.130.94.clients.your-server.de",""
"hostname","static.239.2.69.159.clients.your-server.de",""
"hostname","tor3e3.digitale-gesellschaft.ch",""
"hostname","208.emeraldonion.org",""
"hostname","neurosuse.ftzplex.com",""
"hostname","sub162.xs4all.nl",""
"hostname","manipogo.relay.coldhak.com",""
"hostname","tha.joyrex.net",""
"hostname","tor2e.ins.tor.net.eu.org",""
"hostname","second.darknebu.la",""
"hostname","tor1.spiegl.co",""
"hostname","tor-proxy9.mull-binde.de",""
"hostname","37.ip-145-239-91.eu",""
"hostname","frontend.ms.uni-rostock.de",""
"hostname","this-is-a-tor-exit-node-hviv123.hviv.nl",""
"hostname","tor-exit2-wuppertal.wup-de.hosts.301-moved.de",""
"hostname","frohike.x-file.ma.cx",""
"hostname","tor-cloud-01.bindhammer.koeln",""
"hostname","tor.nordu.net",""
"hostname","tor02.niij.io",""
"hostname","tor1.fissionrelays.net",""
"hostname","tor-exit-2.tuxli.ch",""
"hostname","n12.servbr.net",""
"hostname","vps-107.205.170.217.stwvps.net",""
"hostname","248.ip-158-69-217.net",""
"hostname","tor38.quintex.com",""
"hostname","163-172-61-78.rev.poneytelecom.eu",""
"hostname","210.emeraldonion.org",""
"hostname","190.emeraldonion.org",""
"hostname","156.emeraldonion.org",""
"hostname","static.96.159.47.78.clients.your-server.de",""
"hostname","martyr.tra8n.net",""
"hostname","mitsuha.angristan.xyz",""
"hostname","fr3.tor-exit.anon.af",""
"hostname","darksoul01.trilightzone.co.nz",""
"hostname","tor39.quintex.com",""
"hostname","ip102.ip-167-114-35.net",""
"hostname","161.emeraldonion.org",""
"hostname","vps1.torrentflame.org",""
"hostname","n7.servbr.net",""
"hostname","tor28.quintex.com",""
"hostname","195-154-209-91.rev.poneytelecom.eu",""
"hostname","random.krakow.pw",""
"hostname","195-154-161-5.rev.poneytelecom.eu",""
"hostname","81-7-18-7.que3.de",""
"hostname","241.ip-51-77-136.eu",""
"hostname","ns531056.ip-149-56-25.net",""
"hostname","relay4-eu.tor.eptic.me",""
"hostname","ns508378.ip-192-99-35.net",""
"hostname","150.emeraldonion.org",""
"hostname","103-122-15-51.rev.cloud.scaleway.com",""
"hostname","ns501872.ip-192-99-201.net",""
"hostname","218.ip-51-77-193.eu",""
"hostname","tor12.quintex.com",""
"hostname","ms261.moonshot.dedi.server-hosting.expert",""
"hostname","usenyhoarder001.usermanaged.net",""
"hostname","static.201.61.99.88.clients.your-server.de",""
"hostname","167.emeraldonion.org",""
"hostname","static.84.168.201.195.clients.your-server.de",""
"hostname","daporkchop.guru.ksz.ch",""
"hostname","ns37057.ip-91-121-2.eu",""
"hostname","187.emeraldonion.org",""
"hostname","tor45.quintex.com",""
"hostname","tor35.quintex.com",""
"hostname","static.127.145.216.95.clients.your-server.de",""
"hostname","tor.d-ku.de",""
"hostname","relay3-eu.tor.eptic.me",""
"hostname","tor15.quintex.com",""
"hostname","tor41.quintex.com",""
"hostname","tor40.quintex.com",""
"hostname","163-172-25-118.rev.poneytelecom.eu",""
"hostname","tor-proxy.for-privacy.net",""
"hostname","curie.raven2611.de",""
"hostname","this-is-a-tor-exit-node-hviv127.hviv.nl",""
"hostname","175-58-15-51.rev.cloud.scaleway.com",""
"hostname","2.tor-relay.arcardy.de",""
"hostname","168.emeraldonion.org",""
"hostname","195-154-241-125.rev.poneytelecom.eu",""
"hostname","47.ip-158-69-201.net",""
"hostname","22-219-15-51.rev.cloud.scaleway.com",""
"hostname","tor32.quintex.com",""
"hostname","tor-exit.talyn.se",""
"hostname","tor10.quintex.com",""
"hostname","ip58.ip-54-39-152.net",""
"hostname","this-is-a-tor-exit-node-hviv117.hviv.nl",""
"hostname","tor.node49a.net",""
"hostname","static.186.143.201.138.clients.your-server.de",""
"hostname","prawksi.relay.coldhak.com",""
"hostname","tor3.digineo.de",""
"hostname","81-7-9-33.blue.kundencontroller.de",""
"hostname","server.primopianomolise.it",""
"hostname","tor3.terjan.net",""
"hostname","241.ip-137-74-169.eu",""
"hostname","fry.hufenreuter.info",""
"hostname","mail.hyperebook.com",""
"hostname","static.14.236.76.144.clients.your-server.de",""
"hostname","187-239-47-212.rev.cloud.scaleway.com",""
"hostname","static.104.233.4.46.clients.your-server.de",""
"hostname","ip-51-254-45-43.ddhosts.net",""
"hostname","lannister.b4ne.de",""
"hostname","mail.ecki-netz.de",""
"hostname","195-154-240-145.rev.poneytelecom.eu",""
"hostname","v22018076565969641.powersrv.de",""
"hostname","tor-exit.greektor.net",""
"hostname","169.emeraldonion.org",""
"hostname","218-173-158-51.rev.cloud.scaleway.com",""
"hostname","darksoul03.trilightzone.co.nz",""
"hostname","this-is-a-tor-exit-node-hviv115.hviv.nl",""
"hostname","vmd27699.contaboserver.net",""
"hostname","tor46.quintex.com",""
"hostname","157-240-15-51.rev.cloud.scaleway.com",""
"hostname","165.emeraldonion.org",""
"hostname","ns335828.ip-37-187-162.eu",""
"hostname","akka.0x90.dk",""
"hostname","this-is-a-tor-exit-node-hviv119.hviv.nl",""
"hostname","quebec.servbr.net",""
"hostname","vps1696488.vs.server-hosting.expert",""
"hostname","static.175.93.69.159.clients.your-server.de",""
"hostname","fetch-vied.burgerpermit.net",""
"hostname","malta1420.startdedicated.de",""
"hostname","134.ip-51-254-114.eu",""
"hostname","184.emeraldonion.org",""
"hostname","tor34.quintex.com",""
"hostname","v4941.1blu.de",""
"hostname","195-154-118-198.rev.poneytelecom.eu",""
"hostname","neo.0x3d.lu",""
"hostname","tor2.fissionrelays.net",""
"hostname","station54.ueno.red",""
"hostname","180.emeraldonion.org",""
"hostname","this-is-a-tor-exit-node-hviv122.hviv.nl",""
"hostname","static.27.236.76.144.clients.your-server.de",""
"hostname","114-188-158-51.rev.cloud.scaleway.com",""
"hostname","ukko.0x90.dk",""
"hostname","tor16.quintex.com",""
"hostname","n4.servbr.net",""
"hostname","ny1.exit.tor.alkyl.eu.org",""
"hostname","tor.informatik.uni-bremen.de",""
"hostname","nott.grmml.net",""
"hostname","32.ip-158-69-193.net",""
"hostname","n10.servbr.net",""
"hostname","static.5.19.201.138.clients.your-server.de",""
"hostname","tor36.quintex.com",""
"hostname","tor8.quintex.com",""
"hostname","par01.tor.znx.cc",""
"hostname","239.ip-158-69-192.net",""
"hostname","srv3.muchrelay.xyz",""
"hostname","ns100716.ip-147-135-4.us",""
"hostname","160.emeraldonion.org",""
"hostname","mail.taxinachtegel.de",""
"hostname","15-46-15-51.rev.cloud.scaleway.com",""
"hostname","66-68-15-51.rev.cloud.scaleway.com",""
"hostname","mail.koehn.com",""
"hostname","tor1.quintex.com",""
"hostname","ip17.ip-54-38-73.eu",""
"hostname","tor1.pub.t4cc0.re",""
"hostname","madrid.servbr.net",""
"hostname","ns3063951.ip-79-137-69.eu",""
"hostname","212-51-134-123.fiber7.init7.net",""
"hostname","lns-bzn-40-82-251-167-192.adsl.proxad.net",""
"hostname","static.110.114.69.159.clients.your-server.de",""
"hostname","tor-proxy.x443.pw",""
"hostname","ogopogo.relay.coldhak.com",""
"hostname","22-152-172-163.rev.cloud.scaleway.com",""
"hostname","tor.laquadrature.net",""
"hostname","155.emeraldonion.org",""
"hostname","212-7-217-52.lukman.pl",""
"hostname","relay4.tor.openinternet.io",""
"hostname","tor6.quintex.com",""
"hostname","srv4.wagenhofer.ch",""
"hostname","static.5.153.9.5.clients.your-server.de",""
"hostname","16-52-15-51.rev.cloud.scaleway.com",""
"hostname","200.ip-158-69-192.net",""
"hostname","v22019051929289916.bestsrv.de",""
"hostname","neurodump.ftzplex.com",""
"hostname","www.miner.dk",""
"hostname","onion.raccoonsociety.org",""
"hostname","ns500599.ip-192-99-34.net",""
"hostname","vmhost5.referup.com",""
"hostname","c-114-69.mdfnet.se",""
"hostname","mx9074.lklklk.eu",""
"hostname","vmd37188.contaboserver.net",""
"hostname","159.emeraldonion.org",""
"hostname","181.emeraldonion.org",""
"hostname","144.202.49.171.vultr.com",""
"hostname","191.emeraldonion.org",""
"hostname","229-36-15-51.rev.cloud.scaleway.com",""
"hostname","ns3142774.ip-51-89-6.eu",""
"hostname","static.144.238.40.188.clients.your-server.de",""
"hostname","tor-relay5.rofl.cat",""
"hostname","torrelay11.servers.tyknet.dk",""
"hostname","tor2.quintex.com",""
"hostname","n8.servbr.net",""
"hostname","steemseed-fin.privex.io",""
"hostname","tor11.quintex.com",""
"hostname","tor30.quintex.com",""
"hostname","118.ip-51-83-43.eu",""
"hostname","144.202.63.243.vultr.com",""
"hostname","250-233-47-212.rev.cloud.scaleway.com",""
"hostname","91.ip-164-132-51.eu",""
"hostname","outerspace.23-5.eu",""
"hostname","222-230-15-51.rev.cloud.scaleway.com",""
"hostname","tor-exit.yomi.pw",""
"hostname","ip145.ip-178-32-121.eu",""
"hostname","63.ip-51-75-254.eu",""
"hostname","static.111.168.201.195.clients.your-server.de",""
"hostname","7.ip-37-59-118.eu",""
"hostname","67.ip-149-56-47.net",""
"hostname","192.emeraldonion.org",""
"hostname","76.ip-193-70-43.eu",""
"hostname","ua-85-227-86-58.bbcust.telenor.se",""
"hostname","62-210-105-116.rev.poneytelecom.eu",""
"hostname","185.emeraldonion.org",""
"hostname","51.174.199.178.dynamic.wline.res.cust.swisscom.ch",""
"hostname","194.emeraldonion.org",""
"hostname","libertas.tor.rndsh.it",""
"hostname","ip61.ip-167-114-219.net",""
"hostname","91-143-87-51.que3.de",""
"hostname","tor.decio.eu",""
"hostname","n5.servbr.net",""
"hostname","ms369.moonshot.dedi.server-hosting.expert",""
"hostname","tor.plutex.de",""
"hostname","tornode3.coffswifi.net",""
"hostname","asshai.tor-relay.pluemper.de",""
"hostname","tor1.cloud-neutral.org",""
"hostname","189.emeraldonion.org",""
"hostname","ip250.ip-51-89-133.eu",""
"hostname","tor3e1.digitale-gesellschaft.ch",""
"hostname","h2696948.stratoserver.net",""
"hostname","91-143-88-62.que3.de",""
"hostname","116.ip-213-32-71.eu",""
"hostname","tor48.quintex.com",""
"hostname","50-238-252-6-static.hfc.comcastbusiness.net",""
"hostname","tor6.fissionrelays.net",""
"domain","tor-exit-node.cf",""
"domain","tereshko.de",""
"domain","delville.ovh",""
"domain","frostyhusky.com",""
"domain","0x000.net",""
"domain","ip-54-38-36.eu",""
"domain","psy-bunker.de",""
"domain","dreggnmail.org",""
"domain","thomaskoscheck.de",""
"domain","onion.pt",""
"domain","netw0rk.io",""
"domain","devseed.de",""
"domain","shunick.info",""
"domain","fl30.ch",""
"domain","pakitow.eu",""
"domain","txwx.de",""
"domain","plus.com",""
"domain","ip-51-68-76.eu",""
"domain","dafabhoid.de",""
"URL","http://colo.static.dcvolia.com",""
"URL","http://fr-sbg.flexcloud.seflow.it",""
"URL","http://dynamic.jazztel.es",""
"URL","http://ro.ovo.sc",""
"URL","http://static.nyinternet.net",""
"hostname","34.ip-192-99-42.net",""
"hostname","ns518113.ip-198-245-50.net",""
"hostname","mail.orlives.de",""
"hostname","ip6.ip-188-165-138.eu",""
"hostname","185.ip-54-37-154.eu",""
"hostname","hermoth.oudin.red",""
"hostname","107.ip-158-69-212.net",""
"hostname","abelohost-25.95.217.185.dedicated-ip.abelons.com",""
"hostname","static.161.201.216.95.clients.your-server.de",""
"hostname","ip61.ip-188-165-19.eu",""
"hostname","104.ip-144-217-164.net",""
"hostname","ofen.nv.gw",""
"hostname","ip77.ip-176-31-132.eu",""
"hostname","static.167.137.9.5.clients.your-server.de",""
"hostname","vmd15653.contabo.host",""
"hostname","static.110.229.216.95.clients.your-server.de",""
"hostname","ny.tor-relay.host",""
"hostname","162-175-158-51.rev.cloud.scaleway.com",""
"hostname","c-3b7472d5.023-121-73746f23.bbcust.telenor.se",""
"hostname","195-154-253-226.rev.poneytelecom.eu",""
"hostname","ip-68-67-32-31.static.fibrenoire.ca",""
"hostname","204.238.202.149.fr-sbg.flexcloud.seflow.it",""
"hostname","no-rdns.lalabhola.win",""
"hostname","tor03.niij.io",""
"hostname","ns.tor-node.felix.io",""
"hostname","tessa.arbitrary.ch",""
"hostname","136.ip-144-217-7.net",""
"hostname","tor-cloud-02.bindhammer.koeln",""
"hostname","vor.relay.torworld.org",""
"hostname","174-141-200-41.fttp.usinternet.com",""
"hostname","ts119910.server.topcloud.it",""
"hostname","tor4.pub.t4cc0.re",""
"hostname","munich.servbr.net",""
"hostname","tor-proxy6.mull-binde.de",""
"hostname","onion.jwhite.network",""
"hostname","21.ip-51-75-248.eu",""
"hostname","server.sebastianboegl.de",""
"hostname","argon.mkg20001.io",""
"hostname","36.ip-158-69-204.net",""
"hostname","fry.appliedprivacy.net",""
"hostname","0c210f748b604128.encrypt.co.il",""
"hostname","v22018117322677928.goodsrv.de",""
"hostname","164-231-47-212.rev.cloud.scaleway.com",""
"hostname","n9.servbr.net",""
"hostname","64.113.120.77.colo.static.dcvolia.com",""
"hostname","104-57-231-27.lightspeed.wlfrct.sbcglobal.net",""
"hostname","247.ip-51-254-218.eu",""
"hostname","ca.tor.pwn.party",""
"hostname","tor.viq.vc",""
"hostname","ca.katalevich.cz",""
"hostname","ip155.ip-54-37-200.eu",""
"hostname","host-37-191-204-154.lynet.no",""
"hostname","tor3.mdfnet.se",""
"hostname","5.ip-51-38-98.eu",""
"hostname","122-56-15-51.rev.cloud.scaleway.com",""
"hostname","host.infinitesoftsolutions.com",""
"hostname","mgw.bugtwister.net",""
"hostname","static.152.57.9.176.clients.your-server.de",""
"hostname","pkd9jz19n1litvsjof3.ultrasrv.de",""
"hostname","tor.c0by.de",""
"hostname","static.144.57.203.116.clients.your-server.de",""
"hostname","zebra620.server4you.de",""
"hostname","tor-relay-athena.greektor.net",""
"hostname","server-185-103-110-144.creanova.org",""
"hostname","brawler.rmf.pl",""
"hostname","static.156.99.216.95.clients.your-server.de",""
"hostname","v22018042160764485.luckysrv.de",""
"hostname","tor01.niij.io",""
"hostname","core.recodex.at",""
"hostname","tor-relay2.hannes-exner.solutions",""
"hostname","pink.alxu.ca",""
"hostname","ks27448.kimsufi.com",""
"hostname","condor2711.startdedicated.com",""
"hostname","tor.kroell.net",""
"hostname","146.ip-51-75-143.eu",""
"hostname","vmd36841.contaboserver.net",""
"hostname","v22018117271877808.supersrv.de",""
"hostname","cloud1794.nextpointhost.com",""
"hostname","ip141.ip-51-68-185.eu",""
"hostname","tor6.pub.t4cc0.re",""
"hostname","ns3087331.ip-54-36-172.eu",""
"hostname","falken1.isola.red",""
"hostname","desperado.tor-relay.io",""
"hostname","relay.tor.nozel.online",""
"hostname","178-17-166-149.static.as43289.net",""
"hostname","ip14.ip-188-165-5.eu",""
"hostname","x-file.ma.cx",""
"hostname","105.ip-54-36-189.eu",""
"hostname","ip160.ip-178-32-59.eu",""
"hostname","tor-relay1.rofl.cat",""
"hostname","luna-tor.dredel.com",""
"hostname","strasbourg-tornode.eddai.su",""
"hostname","209-112-15-51.rev.cloud.scaleway.com",""
"hostname","server-185-103-110-248.creanova.org",""
"hostname","tor-relay7.rofl.cat",""
"hostname","2contribute-torrelaynode.xs4all.nl",""
"hostname","static.156.138.201.195.clients.your-server.de",""
"hostname","vps1363307.vs.webtropia-customer.com",""
"hostname","163-172-63-122.rev.poneytelecom.eu",""
"hostname","tor.onwx.org",""
"hostname","100-240-15-51.rev.cloud.scaleway.com",""
"hostname","colon.stoerte.net",""
"hostname","leela.appliedprivacy.net",""
"hostname","177.ip-158-69-198.net",""
"hostname","54.ip-51-255-41.eu",""
"hostname","station56.ueno.red",""
"hostname","zagreb.servbr.net",""
"hostname","cotopaxi.drbeni.ch",""
"hostname","exit1.flensburg.cloud",""
"hostname","194.134.254.195.fastweb.ro",""
"hostname","85-195-230-129.fiber7.init7.net",""
"hostname","solvedbydata.makbiz.ca",""
"hostname","ip152.ip-188-165-28.eu",""
"hostname","17-47-15-51.rev.cloud.scaleway.com",""
"hostname","208.ip-145-239-85.eu",""
"hostname","46.ip-137-74-112.eu",""
"hostname","static.49.186.130.94.clients.your-server.de",""
"hostname","234.ip-54-39-148.net",""
"hostname","aqhlw.quadcode.com",""
"hostname","bbm73045.scr-eenfit.me.uk",""
"hostname","velociraptor.dinosaur.systems",""
"hostname","108-191-172-163.rev.cloud.scaleway.com",""
"hostname","anonymous.sec.nl",""
"hostname","nl1.freedom.xtracode.ws",""
"hostname","51-15-12-218.rev.poneytelecom.eu",""
"hostname","45.ip-54-37-136.eu",""
"hostname","heimdallr.relay.torworld.org",""
"hostname","63.165.242.42.static.nyinternet.net",""
"hostname","135-159-172-163.rev.cloud.scaleway.com",""
"hostname","62-210-123-24.rev.poneytelecom.eu",""
"hostname","138.ip-149-56-141.net",""
"hostname","vps1735228.vs.webtropia-customer.com",""
"hostname","117-54-15-51.rev.cloud.scaleway.com",""
"hostname","srv1.muchrelay.xyz",""
"hostname","163-172-42-239.rev.poneytelecom.eu",""
"hostname","oscar.f00.net",""
"hostname","212-51-153-165.fiber7.init7.net",""
"hostname","itlcz.entry.cz",""
"hostname","63.ip-51-89-139.eu",""
"hostname","c-c684225c.017-99-7570702.bbcust.telenor.se",""
"hostname","188-25-104-109.rdsnet.ro",""
"hostname","ns540439.ip-144-217-75.net",""
"hostname","tor-relay1.six.re",""
"hostname","calgary.servbr.net",""
"hostname","fr.katalevich.cz",""
"hostname","mail.nullvoid.me",""
"hostname","antigona.jurenovak.org",""
"hostname","ip10.ip-144-217-108.net",""
"hostname","pasquino.cyblings.on.ca",""
"hostname","fight-for-privacy.fsociety.ltd",""
"hostname","vps-185-112-146-55.1984.is",""
"hostname","tor-relay.zeroton.in",""
"hostname","tor.w0lff.de",""
"hostname","lux1.nixnet.xyz",""
"hostname","static.245.40.203.116.clients.your-server.de",""
"hostname","node1.petersohn.exposed",""
"hostname","tor.streikt.net",""
"hostname","123.ip-51-75-71.eu",""
"hostname","serv.fr.fala.red",""
"hostname","darksoul02.trilightzone.co.nz",""
"hostname","mirror2.mos6581.de",""
"hostname","130-74-15-51.rev.cloud.scaleway.com",""
"hostname","110.ip-51-255-39.eu",""
"hostname","tor-proxy8.mull-binde.de",""
"hostname","158.emeraldonion.org",""
"hostname","nuremberg.servbr.net",""
"hostname","170-246-15-51.rev.cloud.scaleway.com",""
"hostname","31.ip-149-56-101.net",""
"hostname","static.102.160.216.95.clients.your-server.de",""
"hostname","15.ip-213-32-90.eu",""
"hostname","51-15-13-178.rev.poneytelecom.eu",""
"hostname","c-d555e555.02-65-73746f39.bbcust.telenor.se",""
"hostname","km32605-04.keymachine.de",""
"hostname","150-141-15-51.rev.cloud.scaleway.com",""
"hostname","sunfire-cape.gate.wayne-enterprises.company",""
"hostname","232.ip-54-39-148.net",""
"hostname","gam92-2-78-194-158-141.fbxo.proxad.net",""
"hostname","69.ip-51-77-140.eu",""
"hostname","178-175-143-158.static.as43289.net",""
"hostname","node2.dcdd.net",""
"hostname","de.katalevich.cz",""
"hostname","erdhenne.tobermorytech.com",""
"hostname","243-65-15-51.rev.cloud.scaleway.com",""
"hostname","59.ip-144-217-166.net",""
"hostname","torrelay.lordi02.net1.marschi.de",""
"hostname","ns529375.ip-198-100-148.net",""
"hostname","static.88.5.217.95.clients.your-server.de",""
"hostname","hyperion.kookie.space",""
"hostname","ip249.ip-51-89-133.eu",""
"hostname","darksoul05.trilightzone.co.nz",""
"hostname","tor.0x01.eu",""
"hostname","78-69-250-241-no163.tbcn.telia.com",""
"hostname","m1129.contabo.host",""
"hostname","178-17-166-150.static.as43289.net",""
"hostname","exit5.elude.in",""
"hostname","ms249.moonshot.dedi.server-hosting.expert",""
"hostname","static.82.20.201.195.clients.your-server.de",""
"hostname","hosted-by.solarcom.ch",""
"hostname","67-106-15-51.rev.cloud.scaleway.com",""
"hostname","tor1.rittersporn.net",""
"hostname","j60204.servers.jiffybox.net",""
"hostname","edouardine.ajanvier.fr",""
"hostname","tor.ufm.lol",""
"hostname","static.135.137.216.95.clients.your-server.de",""
"hostname","tor-proxy-readme.tcp4.me",""
"hostname","141.ip-144-217-13.net",""
"hostname","181.ip-217-182-75.eu",""
"hostname","static.230.42.9.5.clients.your-server.de",""
"hostname","ip93.ip-94-23-173.eu",""
"hostname","137.ip-51-38-238.eu",""
"hostname","ironkangaroo.relay.mytorservers.com",""
"hostname","ip114.ip-192-99-220.net",""
"hostname","stuttgart.servbr.net",""
"hostname","srk.neuroscience.ro",""
"hostname","tor10.terjan.net",""
"hostname","tor-exit-node.1ea7deadbeef.de",""
"hostname","81-6-40-105.init7.net",""
"hostname","77-192-15-51.rev.cloud.scaleway.com",""
"hostname","hunghung.castlegem.co.uk",""
"hostname","ams.slalix.pw",""
"hostname","mail.klemm.one",""
"hostname","srv026.hereishappyness.com",""
"hostname","relay-j.tor-exit.network",""
"hostname","ip140.ip-178-32-47.eu",""
"hostname","78.ip-51-255-48.eu",""
"hostname","lv1.exit.tor.alkyl.eu.org",""
"hostname","229.ip-54-37-157.eu",""
"hostname","metis.mpi-fg-koeln.mpg.de",""
"hostname","59-80-15-51.rev.cloud.scaleway.com",""
"hostname","powered-by.xenosite.net",""
"hostname","5-135-68-38.clients.gthost.com",""
"hostname","vmd32358.contaboserver.net",""
"hostname","tor.kumbier.it",""
"hostname","80.ip-144-217-80.net",""
"hostname","pluto.leonklingele.de",""
"hostname","166.ip-144-217-4.net",""
"hostname","meili.relay.ulayer.is",""
"hostname","50-236-201-218-static.hfc.comcastbusiness.net",""
"hostname","tor1.mdfnet.se",""
"hostname","static.16.138.216.95.clients.your-server.de",""
"hostname","triton.s.daknob.net",""
"hostname","j98727.servers.jiffybox.net",""
"hostname","chaucer.relay.coldhak.com",""
"hostname","exit4.elude.in",""
"hostname","exit-1.fr.tor.aquaray.com",""
"hostname","vmi197797.contaboserver.net",""
"hostname","readme-tor-exit.memcpy.io",""
"hostname","19.ip-144-217-166.net",""
"hostname","215.ip-144-217-92.net",""
"hostname","h-255-235.a357.priv.bahnhof.se",""
"hostname","203-238-47-212.rev.cloud.scaleway.com",""
"hostname","allyourbase.lxsys.co.cc",""
"hostname","90-167-158-51.rev.cloud.scaleway.com",""
"hostname","ns510688.ip-142-4-209.net",""
"hostname","ks3360221.kimsufi.com",""
"hostname","trader.lithium.cz",""
"hostname","149.248.63.54.vultr.com",""
"hostname","tamanegi.rainside.sk",""
"hostname","64.ip-5-196-23.eu",""
"hostname","cayambe.drbeni.ch",""
"hostname","ip96.ip-5-196-58.eu",""
"hostname","212-165-158-51.rev.cloud.scaleway.com",""
"hostname","vmi217703.contaboserver.net",""
"hostname","flash.plastic-spoon.de",""
"hostname","fctnnbsc38w-142-162-50-199.dhcp-dynamic.fibreop.nb.bellaliant.net",""
"hostname","tor-exit.systemli.org",""
"hostname","static.197.21.203.116.clients.your-server.de",""
"hostname","onyx.cubox.me",""
"hostname","tor.les.net",""
"hostname","gepapt.largestor.com",""
"hostname","kenzie.arbitrary.ch",""
"hostname","bit.pilsbirne.de",""
"hostname","static.167.200.130.94.clients.your-server.de",""
"hostname","195-154-255-174.rev.poneytelecom.eu",""
"hostname","this-is-a-tor-exit-relay.mlabnet.nl",""
"hostname","kbtr6lv.tor-relay.me",""
"hostname","tor9.quintex.com",""
"hostname","200-40-15-51.rev.cloud.scaleway.com",""
"hostname","srv574.booker.today",""
"hostname","vmd39222.contaboserver.net",""
"hostname","s1.bettyroot.ovh",""
"hostname","static.201.250.69.159.clients.your-server.de",""
"hostname","153.ip-51-75-64.eu",""
"hostname","static.107.70.99.88.clients.your-server.de",""
"hostname","tor2.pub.t4cc0.re",""
"hostname","static.214.217.46.78.clients.your-server.de",""
"hostname","ip-23-140-160-163-static.maniaque.ca",""
"hostname","host-37-191-195-23.lynet.no",""
"hostname","cloud.tor.ninja",""
"hostname","233.ip-54-39-148.net",""
"hostname","bart.pycycle.info",""
"hostname","latemar.goodfellow.it",""
"hostname","tor1.dao.org",""
"hostname","xen2new.boughton.de",""
"hostname","247.ip-158-69-205.net",""
"hostname","academy.landisgyr.com",""
"hostname","charon.s.daknob.net",""
"hostname","h2834626.stratoserver.net",""
"hostname","lule.sunet.se",""
"hostname","v22018035654462783.nicesrv.de",""
"hostname","mail.ricco.ie",""
"hostname","165-34-15-51.rev.cloud.scaleway.com",""
"hostname","mail.calyx.com",""
"hostname","75-3-204-124.lightspeed.okcbok.sbcglobal.net",""
"hostname","testvm9.zq1.de",""
"hostname","relay3.sigil.red",""
"hostname","host.de.appvz.com",""
"hostname","yew.delroth.net",""
"hostname","torrelay.lordi01.net1.marschi.de",""
"hostname","23-237-206-104-static.rdns.serverhub.com",""
"hostname","vmd25034.contaboserver.net",""
"hostname","thisis.kd8hln.com",""
"hostname","ip247.ip-51-68-170.eu",""
"hostname","mx01.geekbox.info",""
"hostname","217.69.15.99.vultr.com",""
"hostname","123.68.10.185.ro.ovo.sc",""
"hostname","205.165.134.37.dynamic.jazztel.es",""
"hostname","200-113-15-51.rev.cloud.scaleway.com",""
"hostname","150.ip-51-75-143.eu",""
"hostname","tor-relay.kher.nl",""
"hostname","109-247-47-212.rev.cloud.scaleway.com",""
"hostname","relay.rathhansen.com",""
"hostname","tor2.cloud-neutral.org",""
"hostname","178-17-166-147.static.as43289.net",""
"hostname","static.171.69.130.94.clients.your-server.de",""
"hostname","195-154-119-203.rev.poneytelecom.eu",""
"hostname","vmd26974.contaboserver.net",""
"hostname","vroot169.rhone.ch",""
"hostname","tor-relay9.rofl.cat",""
"hostname","10-141-172-163.rev.cloud.scaleway.com",""
"hostname","178-17-166-146.static.as43289.net",""
"hostname","t01.s-ix.net",""
"hostname","static.59.103.201.195.clients.your-server.de",""
"hostname","erfurt.servbr.net",""
"hostname","145.ip-51-75-143.eu",""
"hostname","orion1626.startdedicated.com",""
"hostname","static.77.215.216.95.clients.your-server.de",""
"hostname","hal.karte.co",""
"hostname","tor2.mdfnet.se",""
"hostname","static.22.192.216.95.clients.your-server.de",""
"hostname","tor-exit.willexplo.de",""
"hostname","121.ip-193-70-40.eu",""
"hostname","pichincha.drbeni.ch",""
"hostname","cs-tor.bu.edu",""
"hostname","amy.hufenreuter.info",""
"hostname","tor3.pub.t4cc0.re",""
"hostname","eenvo.xentime.com",""
"hostname","12-253-47-212.rev.cloud.scaleway.com",""
"hostname","tor-relay10.rofl.cat",""
"hostname","j51039.servers.jiffybox.net",""
"hostname","ip181.ip-188-165-42.eu",""
"hostname","154.ip-144-217-7.net",""
"hostname","host-37-191-192-239.lynet.no",""
"hostname","68.ip-144-217-90.net",""
"hostname","admin.wolfgangreidlinger.at",""
"hostname","tor3.fissionrelays.net",""
"hostname","agata.jawne.info.pl",""
"domain","heinrich5991.de",""
"domain","tartaneagle.org.uk",""
"domain","ledu-giraud.fr",""
"domain","proxityacct.com",""
"domain","xoc.ch",""
"domain","enraged-rg.de",""
"domain","pyas.de",""
"domain","0x86.net",""
"domain","projehi.com",""
"domain","ip-145-239-28.eu",""
"domain","forumanalogue.fr",""
"domain","mach-politik.ch",""
"domain","rockclimbing.tech",""
"domain","hp42.de",""
"domain","torexit.org",""
"domain","disorgive.com",""
"domain","yodive.net",""
"domain","hacksenkessel.com",""
"domain","qp12.dk",""
"domain","nikomo.fi",""
"domain","tor-exit-node.org",""
"domain","somewhere-in.lv",""
"URL","http://unassigned.cloud-anywhere.eu",""
"URL","http://151-132-N1.p21.customer.vsm.sh",""
"URL","http://static.012.net.il",""
"hostname","mail.strahlungsfrei.de",""
"hostname","109.ip-158-69-212.net",""
"hostname","ns.bka.li",""
"hostname","5fd833ab.retik.eu",""
"hostname","anon-1.multisec.no",""
"hostname","nevada.tor-relay.host",""
"hostname","hotel.zq1.de",""
"hostname","ns397385.ip-5-135-153.eu",""
"hostname","ks3352401.kimsufi.com",""
"hostname","fr-north.theonionrouter.xyz",""
"hostname","193-122-15-51.rev.cloud.scaleway.com",""
"hostname","23-94-187-32-host.colocrossing.com",""
"hostname","ip19.ip-51-75-153.eu",""
"hostname","digi00448.digicube.fr",""
"hostname","mxs1.creanova.org",""
"hostname","nebo.xmmswap.com",""
"hostname","static.78-46-67-106.clients.your-server.de",""
"hostname","164.ip-144-217-15.net",""
"hostname","26.ip-144-217-166.net",""
"hostname","ip253.ip-51-89-133.eu",""
"hostname","iridium.quantum2.xyz",""
"hostname","ns329919.ip-37-187-118.eu",""
"hostname","vmi62287.contabo.host",""
"hostname","ellen.fims.uwo.ca",""
"hostname","92-249-143-119.static.digikabel.hu",""
"hostname","87-43.prozeta.net",""
"hostname","35-171-158-51.rev.cloud.scaleway.com",""
"hostname","12-235-151-200.stat.nexcus.com",""
"hostname","15.ip-51-79-52.net",""
"hostname","eternal.datacontact.hu",""
"hostname","static.183.13.99.88.clients.your-server.de",""
"hostname","tor-relay.krighabandolo.cz",""
"hostname","static.84.35.216.95.clients.your-server.de",""
"hostname","broadband-46-188-6-64.2com.net",""
"hostname","boinc.nikolov.cz",""
"hostname","elenagb.nos-oignons.net",""
"hostname","178-17-170-116.static.as43289.net",""
"hostname","kore.meeb.net",""
"hostname","ns328781.ip-37-187-115.eu",""
"hostname","mail.0xdeadbeef.club",""
"hostname","anon-3.multisec.no",""
"hostname","108-160-176-91.aciglobal.com",""
"hostname","mail01.tgemsvr.com",""
"hostname","prague.servbr.net",""
"hostname","42-97-15-51.rev.cloud.scaleway.com",""
"hostname","relay.sblo.ch",""
"hostname","tor-gateway.vif.com",""
"hostname","mail.xein.de",""
"hostname","hosted-ny.securefastserver.com",""
"hostname","178-17-174-14.static.as43289.net",""
"hostname","185-169-43-141.flashback.net",""
"hostname","fr1.freedom.xtracode.ws",""
"hostname","ih1061006.vds.myihor.ru",""
"hostname","v22018127535780031.goodsrv.de",""
"hostname","host-37-191-207-222.lynet.no",""
"hostname","210.92-220-40.customer.lyse.net",""
"hostname","produce.feadh.us",""
"hostname","tor-proxy-readme.hackeriet.no",""
"hostname","144.202.71.208.vultr.com",""
"hostname","tor-proxy-readme.x443.pw",""
"hostname","87.ip-158-69-217.net",""
"hostname","sh0uld03.sh0uld.net",""
"hostname","ip-83-99-5-45.dyn.luxdsl.pt.lu",""
"hostname","130.193.15.49.unassigned.cloud-anywhere.eu",""
"hostname","this-is-a-tor-exit-node---keywebtor1.artikel5ev.de",""
"hostname","178-17-174-196.static.as43289.net",""
"hostname","84-252-196-88.dyn.estpak.ee",""
"hostname","h2833386.stratoserver.net",""
"hostname","static.245.255.201.138.clients.your-server.de",""
"hostname","server-185-112-82-50.creanova.org",""
"hostname","static.157.140.216.95.clients.your-server.de",""
"hostname","94.ip-51-68-140.eu",""
"hostname","vps12.upsuper.org",""
"hostname","dl18.clickmein.com",""
"hostname","hosted-by.leaseweb.com",""
"hostname","75-48-41-202.lightspeed.tukrga.sbcglobal.net",""
"hostname","api.squired.ro",""
"hostname","uk.webhop.net",""
"hostname","finn.limine.de",""
"hostname","test02.6metric.fr",""
"hostname","anon-4.multisec.no",""
"hostname","ullr.relay.torworld.org",""
"hostname","158.70.222.87.dynamic.jazztel.es",""
"hostname","ip37.ip-54-37-207.eu",""
"hostname","89.187.143.81.coolhousing.net",""
"hostname","236-254-47-212.rev.cloud.scaleway.com",""
"hostname","ip59.ip-51-68-186.eu",""
"hostname","66.ip-217-182-76.eu",""
"hostname","2-128-15-51.rev.cloud.scaleway.com",""
"hostname","kyber-puhe.cnict.org",""
"hostname","torrelay.init6.eu",""
"hostname","betelgeuseit-tor-relay.forteprenestino.net",""
"hostname","130-62-15-51.rev.cloud.scaleway.com",""
"hostname","tor-exit-se1.privex.cc",""
"hostname","nuremberg.rz-kaltenhof.net",""
"hostname","static.67.40.4.46.clients.your-server.de",""
"hostname","ip239.ip-144-217-60.net",""
"hostname","241.ip-51-75-143.eu",""
"hostname","rix.2vpn.net",""
"hostname","157-131-203-81.fiber.dynamic.sonic.net",""
"hostname","vps-30782.vps-default-host.net",""
"hostname","host-p146.esp.mediateam.fi",""
"hostname","62-210-37-15.rev.poneytelecom.eu",""
"hostname","atomator.salazzo.net",""
"hostname","tor-relay5.nl1.digitalsquid.co.uk",""
"hostname","ns3047573.ip-37-187-102.eu",""
"hostname","ns3084667.ip-145-239-1.eu",""
"hostname","snub.doof.net",""
"hostname","h2643116.stratoserver.net",""
"hostname","static.2.227.243.136.clients.your-server.de",""
"hostname","125.200.7.85.dynamic.wline.res.cust.swisscom.ch",""
"hostname","tor0.iad.rg.net",""
"hostname","srv1.lesecret.xyz",""
"hostname","ba4904e4-2b44-4381-ba3d-4f3dcc7557d9.pub.cloud.scaleway.com",""
"hostname","v3296.1blu.de",""
"hostname","relay4.tor.nozel.online",""
"hostname","tor-exit-node.4.privacyrepublic.org",""
"hostname","vmi233117.contaboserver.net",""
"hostname","tor-exit.altsci.com",""
"hostname","50709047.static.ziggozakelijk.nl",""
"hostname","montreal.servbr.net",""
"hostname","nortor3.nortor.no",""
"hostname","static.86.22.203.116.clients.your-server.de",""
"hostname","host-37-191-197-3.lynet.no",""
"hostname","5f9a189c.rev.sefiber.dk",""
"hostname","banana.kilobyte22.de",""
"hostname","iliketor.torrelay.club",""
"hostname","213-64-65-106-no264.tbcn.telia.com",""
"hostname","bzq-62-219-3-47.dcenter.bezeqint.net",""
"hostname","196.ip-51-79-66.net",""
"hostname","static.13.172.63.178.clients.your-server.de",""
"hostname","ip-208-113-135-162.nodes.dream.io",""
"hostname","153.ip-151-80-147.eu",""
"hostname","host-185-204-1-239.creanova.org",""
"hostname","snf-3363.ok-kno.grnetcloud.net",""
"hostname","117.ip-145-239-85.eu",""
"hostname","static.207.61.9.5.clients.your-server.de",""
"hostname","ip114.ip-51-75-85.eu",""
"hostname","ns2.server-01.iswg.eu",""
"hostname","nse.casperlefantom.net",""
"hostname","tor1.pbin.co",""
"hostname","ny1.nixnet.xyz",""
"hostname","200.ip-158-69-63.net",""
"hostname","v22019087958995934.powersrv.de",""
"hostname","static.14.172.63.178.clients.your-server.de",""
"hostname","ip99.ip-158-69-182.net",""
"hostname","owa.nustadvew.com",""
"hostname","ns328891.janky.solutions",""
"hostname","271.rbx.abcvg.ovh",""
"hostname","ratni.v4v.be",""
"hostname","ns349086.ip-5-135-181.eu",""
"hostname","tor-relay8.rofl.cat",""
"hostname","129.ip-158-69-112.net",""
"hostname","hel2-84-239-153-105.ext.nebulacloud.fi",""
"hostname","dike.tor.rndsh.it",""
"hostname","ns331507.ip-37-187-122.eu",""
"hostname","83-53-15-51.rev.cloud.scaleway.com",""
"hostname","104.ip-51-38-134.eu",""
"hostname","tryler.ludost.net",""
"hostname","185-225-17-3.mivocloud.com",""
"hostname","173.121.127.176.dynamic.wline.res.cust.swisscom.ch",""
"hostname","host.hostire.com",""
"hostname","tor1.mnesys.org",""
"hostname","static.112.104.46.78.clients.your-server.de",""
"hostname","web.nozel.org",""
"hostname","aerona.cyllos.me",""
"hostname","harrenhal.fucloud.de",""
"hostname","25-113-15-51.rev.cloud.scaleway.com",""
"hostname","161-249-15-51.rev.cloud.scaleway.com",""
"hostname","host-73-176.239-178.enter.it",""
"hostname","5-252-176-20.mivocloud.com",""
"hostname","host-37-191-194-50.lynet.no",""
"hostname","dns1.avuttomuus.info",""
"hostname","vmi201592.contaboserver.net",""
"hostname","178-17-170-117.static.as43289.net",""
"hostname","static.19.196.216.95.clients.your-server.de",""
"hostname","138-243-15-51.rev.cloud.scaleway.com",""
"hostname","nortor2.nortor.no",""
"hostname","178-17-170-23.static.as43289.net",""
"hostname","ks3352891.kimsufi.com",""
"hostname","26-203-15-51.rev.cloud.scaleway.com",""
"hostname","134.ip-167-114-113.net",""
"hostname","torrelay.lordi00.net1.marschi.de",""
"hostname","246.ip-167-114-185.net",""
"hostname","tor.fh-biergarten.de",""
"hostname","vds-173110.hosted-by-itldc.com",""
"hostname","119.ip-192-99-245.net",""
"hostname","149.28.112.208.vultr.com",""
"hostname","178-17-170-88.static.as43289.net",""
"hostname","178-175-143-163.static.as43289.net",""
"hostname","tor.marx.wtf",""
"hostname","tor-exit-relay-0.anonymizing-proxy.digitalcourage.de",""
"hostname","encelade.milkywan.space",""
"hostname","84-43.prozeta.net",""
"hostname","ip84.ip-54-37-207.eu",""
"hostname","static-38.63.8.185.cloudhosting.lv",""
"hostname","c-4463e055.02-232-73746f46.bbcust.telenor.se",""
"hostname","ip122.ip-51-38-107.eu",""
"hostname","95c827fb.dsl.pool.telekom.hu",""
"hostname","macedonia.zoki.xyz",""
"hostname","static.114.3.251.148.clients.your-server.de",""
"hostname","static.201.165.76.144.clients.your-server.de",""
"hostname","vmd41472.contaboserver.net",""
"hostname","athens.servbr.net",""
"hostname","tor.terjan.net",""
"hostname","static.239.140.216.95.clients.your-server.de",""
"hostname","154.gra.abcvg.ovh",""
"hostname","139.ip-51-83-76.eu",""
"hostname","asterix.shreddox.eu",""
"hostname","71-227-47-212.rev.cloud.scaleway.com",""
"hostname","ghostshell.subsignal.org",""
"hostname","fuzzyboots.relay.mytorservers.com",""
"hostname","srv.sterydyonline.pl",""
"hostname","81-7-13-84.blue.kundencontroller.de",""
"hostname","ks26969.kimsufi.com",""
"hostname","178-175-132-228.static.as43289.net",""
"hostname","ns395839.ip-176-31-103.eu",""
"hostname","ti0004a400-3084.bb.online.no",""
"hostname","argus.albus.xyz",""
"hostname","ns339966.ip-5-135-186.eu",""
"hostname","vmi40985.contabo.host",""
"hostname","static.67.40.9.176.clients.your-server.de",""
"hostname","host-185-212-149-125.creanova.org",""
"hostname","185-225-17-60.mivocloud.com",""
"hostname","oxi.slack.net",""
"hostname","v45117.1blu.de",""
"hostname","tor-relay4.nl1.digitalsquid.co.uk",""
"hostname","www.1qay.net",""
"hostname","relay.zeromeaning.com",""
"hostname","tor-relay-0.echelon.watch",""
"hostname","bhs2.vxnd.net",""
"hostname","cashew.chandi.it",""
"hostname","mail.malamaopuna.org",""
"hostname","sd-90760.dedibox.fr",""
"hostname","soca.0x010c.fr",""
"hostname","tor-exit-node.2.privacyrepublic.org",""
"hostname","mail.xn--wxa.ml",""
"hostname","ip4da2e549.direct-adsl.nl",""
"hostname","jdmtorrelay1.vlns.de",""
"hostname","65.ip-144-217-166.net",""
"hostname","89.41.173.191.ch-center.com",""
"hostname","ip52.ip-51-77-62.eu",""
"hostname","ip95.ip-137-74-189.eu",""
"hostname","roof.rlogin.net",""
"hostname","ip121.ip-51-77-167.eu",""
"hostname","w23-2.rogjac1.cz",""
"hostname","tor.blue.kundencontroller.de",""
"hostname","readme.tor-relay.us",""
"hostname","44.ip-51-79-71.net",""
"hostname","206-192-252-123.douglasfast.net",""
"hostname","c749948403-cloudpro-225389184.cloudatcost.com",""
"hostname","ns3307646.ip-178-32-223.eu",""
"hostname","24-237-206-104-static.rdns.serverhub.com",""
"hostname","cmr01.cmr-la.de",""
"hostname","82-64-82-111.subs.proxad.net",""
"hostname","devnode.lumag.spb.ru",""
"hostname","relay1r.tor.openinternet.io",""
"hostname","mail.nomadlogic.org",""
"hostname","static.50.52.9.5.clients.your-server.de",""
"hostname","tor-exit-relay-1.anonymizing-proxy.digitalcourage.de",""
"hostname","duplex.bewaar.me",""
"hostname","tor-exit.viking-1.vsif.ca",""
"hostname","102.193.37.104.in-addr.arpa",""
"hostname","185.22.172.106.sswhosting.com",""
"hostname","v45756.1blu.de",""
"hostname","ks3355804.kimsufi.com",""
"hostname","31-211-215-105.customers.ownit.se",""
"hostname","ns211399.ip-188-165-213.eu",""
"hostname","s06.exelstore.com",""
"hostname","jdmtorrelay2.vlns.de",""
"hostname","ks3295743.kimsufi.com",""
"hostname","ip184.ip-51-89-133.eu",""
"hostname","torex1.fissionrelays.net",""
"hostname","tor-jy.effi.org",""
"hostname","itlua.entry.ua",""
"hostname","anon-2.multisec.no",""
"hostname","68-69-164-120.utopia.xmission.net",""
"hostname","178-175-143-166.static.as43289.net",""
"hostname","mail.xdfr.de",""
"hostname","rinoh12.multi-gam.fr",""
"hostname","97-127-1-250.mpls.qwest.net",""
"hostname","anon-5.multisec.no",""
"hostname","no-rdns.m247.com",""
"hostname","tor-relay2.nl1.digitalsquid.co.uk",""
"hostname","c-0fa6e555.08-482-73746f70.bbcust.telenor.se",""
"hostname","51-15-7-60.rev.poneytelecom.eu",""
"hostname","ms186.moonshot.myloc.de",""
"hostname","tor-relay02.veilsoftheonion.eu",""
"hostname","static.199.195.144.111.macminivault.com",""
"hostname","tor1.hirlimann.net",""
"hostname","static.234.22.201.195.clients.your-server.de",""
"hostname","130.79-160-84.customer.lyse.net",""
"hostname","10.ip-51-75-65.eu",""
"hostname","166-243-47-212.rev.cloud.scaleway.com",""
"hostname","mini.onion.pt",""
"hostname","sa1373.azar-a.net",""
"hostname","static.184.75.76.144.clients.your-server.de",""
"hostname","tornode.lumag.spb.ru",""
"hostname","harlock.tor.d0p1.eu",""
"hostname","tor-exit-relay.ddnsfree.com",""
"hostname","81-7-16-182.blue.kundencontroller.de",""
"hostname","tor-exit.us.dontinterceptmebro.com",""
"hostname","1220354-v3508-static.wbshinaa.metronetinc.net",""
"hostname","moon.milkywan.space",""
"hostname","110.ip-51-83-47.eu",""
"hostname","tor-relay3.nl1.digitalsquid.co.uk",""
"hostname","tor5.terjan.net",""
"hostname","static.17.156.9.5.clients.your-server.de",""
"hostname","ns3144484.ip-51-75-61.eu",""
"hostname","212.199.61.5.static.012.net.il",""
"hostname","5.ip-79-137-75.eu",""
"hostname","tormachine.keymachine.de",""
"hostname","ip211.ip-144-217-60.net",""
"hostname","151-239-47-212.rev.cloud.scaleway.com",""
"hostname","poland1.florian-pankerl.tk",""
"hostname","tor-exit-1.telnor.org",""
"hostname","edc3.amainfosecure.com",""
"hostname","74.ip-51-255-206.eu",""
"hostname","ws1.kaccolon.nl",""
"hostname","ns3083127.ip-145-239-7.eu",""
"hostname","tor-exit-relay.anonymizing-proxy.digitalcourage.de",""
"hostname","51-15-0-170.rev.poneytelecom.eu",""
"hostname","178-175-135-101.static.as43289.net",""
"hostname","tor-relay1.nl1.digitalsquid.co.uk",""
"hostname","tor.jooh.org",""
"hostname","btcpay.kukks.org",""
"hostname","h4.x0.rs",""
"hostname","torrelay.lordi03.net1.marschi.de",""
"hostname","217-91-15-51.rev.cloud.scaleway.com",""
"hostname","v22019043430288317.powersrv.de",""
