e8ee7b693b93b645a96eb237e37bdcd405331f9f,2682590594,1
d8eecfe8a671200496953693d0ddbe346f7a1e7e,2682590597,2
6044eaf6096433c9da314c148b36c9a073f85024,2682590602,1
b096c86b37b15189cd16f418ab1fb3f7bfc89a3e,2682590605,1
94db23c3eae5e8b422f4b657fc66995dfe98e570,2682590610,1
08fc60b7abb088d8e3310aec5c2e9db6e8e24eb9,2682590645,1
af29d94d9420e8246e2e9e2968aab6b7f836e45b,2682590647,1
0821ccac77b10b6eda0de0672170f2637b8d1cf2,2682590651,1
258cb6b46f985ae5f673997d46763b02bbd72f62,2682590658,1
51a57f5963e89c6072c074bbea8ec426cce46709,2682590661,1
d04301bad0fb7156ca6d1561883d61cd4b981b9d,2682590664,1
0f16a42f9e4537fa015b476750f529be213385ea,2682590667,1
ebcc14ccc995204a26da357edf9e0ace5fd53211,2682590670,1
e834c48ba3efefdedd11237acf88e3afcb905783,2682590675,1
0cb2400512a01431b987ef2b719956e21890863b,2682590677,1
b0e453f51a2f7ccbfd83dfe9b3df570e634f3040,2682590681,1
50a50ccf5c54a2c7579ca1f54ff7e67b284fe8e3,2682590682,1
f280dc17553664779111945f263acb20b45d7019,2589738588,2
e657c80c22f0e0b31d6e43a26ebfe15eb00384c7,2682590843,16
e3c38ae53600c230e4eb99211ecd352679198dcc,2682590837,1
1b7f829b844eaa1a3e2d05f51fa81d6579d76738,2239720901,35
27a1d9dcbdc4aff486016b5c9f3ece6ad0c028c1,2682590831,29
875bce76a77590c3c438bbc6e014b39c23c8c88d,2682590970,3
e4e5c111c6d003e2132a418a3d3f65d8b0fb7bf9,2682590922,1
693465e9d9376fd4d2fcd45ffc24f735e1159312,2682590972,1
5e8632618d24a7c1048b68966319710492db3174,2682590973,1
a82812b87b667d32a8e51514c578a5175edd94b4,2682590898,50
a61fc0ea872d2d02c8c7293a131476abd95c125e,2682590975,1
20356ff29e36bc157b33441fba17d74f9c78901e,2682590963,1
1936ce684393234fec26197d7d7c61f6bba1ef36,2682590977,3
6587c090fea4caaf5dc129629af567360570485e,2682590978,1
16472e1bda47afd1e3202f94bb22efb384f69ea1,2682590979,1
24b89ef9c4880596a21b542b5cfa80660f1d45be,2682591112,2
ecd40a5cc6f0b76200c454ca880210dc301cfab8,2273595346,16
a38e0c736aaf0b019b29b63b00e68c1381502217,2682591122,11
bbf07817e39f12ffd13f6707da8a0c89bcdba85f,2682591123,2
512c7d79033e3028a9be61b540cf1a6870c896f8,200217199,50
d6f48cba7d076fb6f2fd6ba993a75b9dc1ecbf0c,2238132448,50
15430bc876026d813c21e03a7a72ab4d6dcfe31a,2682591124,1
6eb207e57c92ee341f57998cb191e5c9dc4fc738,2268260356,13
41b6e45f4544c9bc9b4804dca493f7fd3939183c,2239720991,10
86f7e7b926e1a88209d171b56dadbccc2c96f578,2007548111,13
4f08d328c845410583e0a05c8d5a5bc61c23db47,2682591125,1
1a99890b57c9859a622337ed0b2f989d6e30cc0e,2239721033,6
c8f6468511d511fde060e2e8ba1af9f9e6813936,2682591116,4
895125a4522a3b10ee7ada06ee6503587cbf95c5,2682591109,11
f455c5f153f872e52265f87a644ff89fe14a6fb6,1598939607,10
9d1ff8d53f728cc065efa9271efd9ab45c9a0d1c,2682591111,2
356a192b7913b04c54574d18c28d46e6395428ab,371371540,50
90532aff6d4121954254cdf04994d834f7ec169b,1635770665,50
4c308348690fd400306e86ff83d30ecba2e0a71b,2682591016,2
a9545831803b1359cfeed47e3b4d6bae68e40e99,2137792169,19
add547d05e8c9ce8d3ddab731a133421416bb30b,2682591132,1
599934dca1bb52e5755d7137bcac6e575008b51f,2682591117,4
c0efe12b5d5aecfed04bf625e41dbf7a64008d3c,2268260362,12
f8747f8ee704d9af31d0950015e01d3f9635b070,2141117140,47
32f09ec3ec0950f47a35fc0d656559d5b164dacd,2185635606,3
311249bd3ab7310cfad8baaddbfc39dc6c382f8e,2682596378,1
e9fa356ac13bd24c051804a6e4ec3e053bc8001c,2682596375,2
212eee29a63222fd2b558cc5f432347ee31407d8,2682596374,1
31cb4cea0064ed80c1b0c5f5d58e1956a7e2293f,2247510725,9
bf19ec32af23fb8f2c0c75549a3996b725f80d35,2682596373,9
05a79b7f0738cfd2f2fe3c6cebdbd0a7702eb44c,2682596381,2
4c529c1c294d362de3cc90caf487ffeea8827f56,2185635612,1
7e21d495ff54f1c7ddcfde398d56759e942aef38,2682596383,1
042d15057a64e005ed9ceef0028fb4fb973099ec,2682596313,1
dfd472cc1a90aab82a76ffed4076ba346d579840,2682596299,1
6865443a258954fa19b8aa682e1f4c77d42493d1,2682596366,1
d6c79dc1722a52bd0af004ffab86967a5271f77d,2682596387,1
609e59895c4534aefbc7f31affba387199150f64,2682754175,1
9c4d13a40fe6b31b46e59672b76ee0471fc5294f,2682754179,1
33c6f289ce77de1fec44316b94838ae2c9e5b57f,2682754181,1
1bd90c9c4ee8761d72b139da70facee45905c78d,2682754184,1
e56cdbc51140541e4bddf388177b49a11de40550,2682754186,1
8d077557be76eb4fc789e67e046f9e8e129c9ea7,2682754190,1
faf6ea8f3f68293af0867d8f50d7757ab0ecc227,2682754194,1
a97cc8e65ca21a37c91478961a66b70af8f89599,2682754196,1
ea71de1f19dbe4b9bcb93a2c511983227700abfe,2682754199,1
390ba2fa432045535c65e13d4722c9d6a483eaf4,2682754201,1
41472ba5c40f61fa1c77c42cf06248f13b8785f0,702655,30
722a8fec40587f8e9dd5e6cce25d2d5b834dbbd4,2620349344,6
def5bd74eddfde4c9c1556ba5c79c3f217f261fe,2683031347,1
cd97bdd72c8f7ca65a37ea7d78ff71580633169a,2683459915,3
34bf046fa8ea60194f0b67d4a002b4f7da2157cb,2683674733,1
e3e24e09681ec95b5e9d8ed1bf74a04f61a6df4a,2684356513,1
d0908d9c03ccea042dfebaf8bf45196d10efc9ac,2684356807,2
3ab844aaad6045edbe2da9e78c3c9f41599b67d6,2684356702,4
14c32b120ae9f382430c779c860ffe57a28efdd8,2684356809,2
95afba55620eeae9395b5d646a59ea9fc85b6f28,2684356804,1
ab8100c7a1b44b5aab6fef6b5520368c8e1ca3f4,2684356717,1
40c3b83e9fb0166f191b29acd022d0f351620539,2684356812,2
3527a7d98988702f0e906c04008509f66fb39b52,2684356742,1
b41ef0f346151d6a950786fc2a2d6bd18dc51b62,2684356814,8
ad452c51b012147b46b77c5d0336c2e4146a01ec,2684356776,10
ca06fe2d3f2b4e635c364fc3b50035edd222db2c,2684356802,1
ea13848d33c2c7f4f4baa39348aeb1dbfad3df31,923738315,50
8b266a8d016560f05252c503d9efc275b0bd9d28,2684356707,1
b5c8577d9a3a852585240d89d4f7510b77294268,2684356711,1
1f356c00c142acab972807baee47fd3f54c9cb11,2684356898,10
37ae6052c665e33d7e87f19ff36f15a48a44ea25,2684356871,8
01bcaef811210de0ea58e55e47fbefd77be5c442,2684356872,1
81ce9c498dfcd3563888afffd8dc669fa7f46279,2684356886,1
2d8eada82124ec9a8c8203decaf91210cb7d5861,2211278928,1
fa66c5898f1359c7a0fa4b36ca5292e12e0a12e2,2661516410,5
207367a74e6a6f32e5b1e9403b814d16480151a5,2684356956,2
61497b54c3b66e7d409c100c360c6afbe104598b,2684356924,12
c56b126f887495918e8abcf813957780f0b9466a,2661516411,22
b22797b271f3add237e38a48064acf3c685685a2,2239721035,14
1d9ff3e3db5eb5293de06df5726f6058f07d98de,2274380760,11
a767fd3a1da45213b69ea168999623e00aa5a954,2684356874,1
3b1efd3a66ea28b16697394703a72ca340a05bd5,11259155,35
20c161ef81c9810a70f6a5fbc6e6c68b0e074257,2690265956,1
3fa8d742022cab262cbe71627cca0aedfc783c27,2375829970,32
848101942715ef0d04c7cadae8d0b6c486373d3d,2690304128,1
38823cc5abeb3309abf1f162b4884a111a36daca,2690304129,1
192bfcedeb352fe5770c08284cb13060eb561d17,2339917595,1
86a047fd3a34e19f91486fa18fd82f29063f02ea,1096559986,2
1b848b03d663268f991ab5ee855d83f71d2487a2,2690304015,1
04fcfc8851e715e3c39c0f6b8d8d7841237b0f84,2655906009,1
827d16b5c083b4a8505ac494f140df27baa0131f,2690303649,1
c08200b357019d9afdd987994ae93e2b926fdc05,2690303080,1
90cc94fe3f4c0704c120c9ac6f34c841db3a513d,2690304134,1
daf1b6fcdbf0b17ec59629ff5afbff7f32c8b8f3,2690303944,1
1855308974d513619aa669ff60d16a10ca4b8ac1,2339925377,1
8f94fe5644b58fb143bbce641db2806c2aaad9cb,2661823297,1
cb6a0064e2c39eb60fd66060eb052cbcd5a435b4,2690303951,1
69f5dffd41677c6e2686405d6949d48b441206dd,986152901,3
8c07d605577f5ff4ae7846e07f3df3cc20bafcfd,2690303868,1
a8990dc6f92f6030c68e028863346c965a7764d1,2690303018,1
9d147d7acc18becec81d3590fcb64e28e4103aaa,2690303808,1
f749cd8d632aab6c5b6ef3a116a85c668deeae87,2690303015,1
d4ffd57c3d290c5cc062f01fbb54f1ced32510a2,2289646868,1
5c2c66b66defe89f1ccef1a34dfddc664f5a3c56,2690303668,1
f931ad4404bd514789943a3779e8ab2dd76b4dea,2690304029,1
b95ab1f45ab14dbbc899f67d72aab23555aa1437,2690304144,1
2fffaa63a4c1caa4db4af96f4a07f68623d84b53,2690303933,2
674a80fda750a325c5935f0f49edb0f5e0c73723,2690303065,3
4d23d42e61de3e4d8c089525a5d590129df70918,2690304146,1
65dce6ff79890d15f1e1f9162da71c7272fe8372,2640397049,2
70c705b9a8677cae7a2cc0c62e9d887a5ee46385,2690303802,1
48585d9818ef01fb1a0d76ae94211be23f75718b,2690304148,1
b2b22b2f9b8d21db9a9a09f89612ed22c6bfa744,2690304074,1
1154ce9d0639c4b8f6ba1ee45ef582360e1cdf5b,2690303192,1
883e0f7e7c45a96da0fab651abab0866de3db986,2690303984,1
32b9e0c402ef85dba09095adc499e0aa73caca1b,2690303991,1
c56b2c20f77ab43bdb139815c197874a4deef6d0,2690304017,1
add843c6823bc4339eb847fd93b9700e03c20f95,2690303942,1
42397d3797929e14a5622daaf21a1a718800ad3a,2690304155,1
af654ecd1f755d879a7f39e02b69ead922bcb9ee,2690304011,1
376ca2882117b42e0c6170c94c2816ccf0393528,2690303614,1
3bbe0bdc8fd757760aac86b36f46c2a37bff07d0,2690303947,1
8819d8a3b87b01532c30ca4710031094fb7f1ce7,2690304159,1
1853a42d12f1c05bf2bc2701e3ba578e404e9285,2690304160,1
80f5759c805f43e311ae12486a2fffc211e7c0ba,2690304161,1
6a3aefbc17911cce1ae007018b783c15cfddb955,2690304076,1
0dd6a1090c5beda8d370388c2547f72a57f287ce,2690304069,1
c3d3ebb83ebcd26249ade5e0f4fdadc5a1b0306e,2690304164,1
65e92b66765da7a90f7bca73bd197c6754e7aa19,2690303818,1
4adc006c8fa01513887bf144e1debf021a072bd5,2690303529,1
008fccd8ef6e6f1cbd75b2be22bdf5cf787fc685,2690304167,1
175a182c5cbd28c77fdec2ec766abf37c0ab48ea,2690303742,1
1252537edb834087286c88524e3ea23ddab8b74e,2690303993,4
10932e1a06851bfd57ece7da881931fe8c812697,2690303946,1
b9cf75fffde28e02756eba96d010870e4ef627c8,2690304171,1
62c06ed698155336a818adc39f207f20a168ac19,2690304093,2
f7c99d325c0d3e28cc4a95d8868baba94d72d339,2690304173,1
69b757bb60efe238f8b6a657da6489695b474d73,2690304174,3
3a4d82ca166c80ea48ffa76e754ff72da54bd8a0,2690304175,1
297483032ccdf2fd2656dd187f5187fa7323998c,2690304053,1
85b23c4540b25e6750d9a7dd2d1a563c2cb96036,2690303957,3
9c98f04f2c90d3906017f66ec7ffe042e696efbd,2651650890,6
386d834a14ac01c5e7f66ad65d6af929a076a3fb,2690304179,1
016ae28dd1e8b7a19be8b01a05461778b245bf09,2690304058,1
3bf8426c9bff8ca4a95e6bd5ad850ef4c2659db5,2690304181,1
d52a9e7f392fc39d57988663881c6c76a29dc280,2690303955,1
71d6fe3b954e8ba66a39ddd4cce954118f4e5f9b,2690302945,2
b62f7080245d93a38db082580cdbc488d717a91d,2690304184,1
8b293f318342d4114925373ce86c9b7daf160259,2690303251,1
a26c1dcae363eb0af831c2ebcd76cc801ae8b5d1,2690304186,2
2405b7bbc3114805a507375a03b2bccdaa26f286,2690303941,5
3cc6102f951ddaa5bac3dfe0a46f091b5ce9c1e1,2690302958,1
2fd29eb38b591fd796a7110dda98e6144e8b36ae,2690304189,1
34f97ea649e0c766fe495e587689cad9862e68ea,2690304190,1
ca2e44d5499469db0777e6f8210314e0daf2569d,2690304191,1
0058e1479a7e75b5d52c4e0c9ea11403b7462984,2690304192,1
2bbe589acaeba07ab476d9da2c46b75a2034f310,2690304193,1
b810446364211ae84becdad9b9245a09a03d0343,2290360456,4
2b9beb370e39960db312e20477d668d27ea9e22e,2690304031,1
a0a28d8e35bc0a4a5c70f890b981870c0ce074ea,2690304195,2
ffb142e91af98555b826bb26471d9a1897fd1e7c,2580512150,3
bdfd5592984d01be264ccd23dc3669834d6d7f9b,2690303177,1
912d8736f9cfda9e47edfd0e46042cf083689e81,2274750439,2
44c872ebc92735c9c5ec16f9d314669b6cb76ad3,2690302938,3
f423a4f809e669ea0a7e63a5a73af01703fc3deb,2656694012,3
e5b3b908f36b0b6871c97ecc717a167ffb8455ab,2690304199,2
b86e0ecc0c2ca26fd504dfa7f1c922d49c12814f,2690304006,1
61b6bf455bcd1e7fbed5b12efcae1fb8befe5e4a,995353823,9
6b9deaa7acca17ef95add67f3f273156a3d6812b,2681996676,1
1b79bc423d3bcd7e01b7509b8fd5e2c47f82bc88,2690303632,1
ad2c6758da85635906640fcae02d27b4dd4926db,1115749210,2
66671dcd0d01356c542110be3774e4bda8324f94,2690303814,1
878aa4fee4c2c158e050fd6f29800dbf3b140dbf,2291402205,1
a46b37cce41c986772072c08ff38123c6fbe594e,2690304204,1
eae6c15f7de3447a31bd73dcd3f5d49b45b2451c,2690303935,4
5055cfc8e45e9162540defc15346ea194fddd4a4,2310320921,3
7fe5005293ca63fd682a6a83fc76580f06f6e4be,2690303967,1
ca0729261ed50cf09f8ad8ab7920fb70d6ed2df3,2690304068,1
34099f758363392606dea5b324cb3a882dbc7d13,2690304022,1
b394faa27e7e5cecdbf28c2915efbd96613caeea,2690303154,1
57fe6c5429b8b03e7edbfbf98a5e8028eb29dbe2,2690304210,1
b250351230c9005b600f241a89a18f4ed46457da,2690304211,2
6e703ca40c46980e503179a67c10ede729a4a17d,2668346501,8
e31f3855fac57dfab451ed622c9bb1da19a7eaeb,2690304212,1
0ea768a6879a0980ecd447473224a1ef10f209f2,2690303027,1
411902b9c9a7037aa2a71e02865295888843a889,2690304214,1
7157ef30f4dda8b4273a0636f2dee7d9f1855380,2682961366,2
8b7225c744e49c3b6c4041c9430cf257763d9683,2690304077,2
01bdd89c0fea8cef3cf1b038e0e520f363cb832b,2690304079,1
cdef1bc9dce5fb5a9bb9a6c451d8eae672bea269,2690303194,1
69db97b8b237090b33db531632c34b2668e9756e,2690304219,3
f74ee0e9bb49688eea05c4522329cb9ae88ebb89,2690303972,1
f987fdb6c019c7b0b8bf992da53a6d508b58a6d1,2690303025,1
39076a63d7c4fad0ac3d4015582bfad297f656a6,2690304222,1
283d4eaaba0341f6c19f7d5aef6089b59ba3e0bc,2690304091,1
6137b3f7e698d6b6b8cb6e62456f998a65cf435a,2690304224,1
de7c328a53307423891215afccf59a7466e88cb6,2690303980,1
40f67d3c5b2dcc9731fc2a2af2cf9a598a19ea5a,2690304226,1
6bd7f9ba8ec888b5fef0b1d26c670aa77eb5b47e,2690304227,1
2a15c720f7b2b384f9faaf9d759aa0f23bcc0a49,2690304071,2
6aae2de0d9c616ce908b1683916741fcc0a1bf40,2690304082,1
3896593059c6e61a4969216a5bf1c9012b3f3302,2690303386,1
2e52f1a32b7459d9b6f74031652e63316c96119f,2690303200,1
f96e7cc34932f3665ba7ab8eaebda5a41c2736e3,2690303988,1
5acdd686fe5d393d152536681de860035b22c2f9,2690303799,1
946f629edcaa9efefed56b7f4992c0e026786287,2387716972,1
b701549ead0dd87be42b738cddfdfc3c4b097089,2690304234,1
db6c579d530c3801162f8e88f0578e9227ad5aa6,2690304235,1
b046bac5ea5542495f3ea8a3bf0fc6d653fb0f9d,2690303934,1
69e5e8377aa6fe3dba1a515a43b973df9d73919d,2279380401,1
f880a6a485d36dd3ca1056e2bdf59cfd99255c9a,2582719252,1
65a05ce4c1babfbe37d1be8b570068014b150dd4,2690303612,2
c2e8384793e3bd66978789bdda298bedfb447a85,2690304238,1
e40bb949b258286fb4ac450da510de7bea5de249,2635867443,1
ac1544aa31a6c28d4e69d742fb5f18e5a95960fd,2690304064,1
ccbc6a3d4cac58c04f8a99e95b06535c87b62293,2690304080,1
42c4dc6f08bea26302b1ac7bff2be93fba5531a5,2690304241,1
c787b779d7d69808bf59b5ac4d72b495bf1f014b,2690303472,1
a1021e4f51aa64f827fb52f3e7d39e11f53d8b9f,2690302963,1
1c1db5bc5a06b74c92c02a9d31489c99864049b3,2690304014,1
7edeb02874287e0aef6a14e91c56bb189ca78d2d,2690304245,1
2bd31b48f486f2f13181db2fea46e09f415406ba,2690303148,1
460c9d46b962d89ab552401602ff7caeeb0c0e36,2690304247,1
3317a2fe7383a5f519880ffb3a26c9f98845b170,2690302965,4
6ead0e7ede48cc8af6011c6eb94785f41c3084b4,2690303952,1
24473e1d8560834ae891c90e7883b4ef01f345be,2690304048,4
583542831f5e5ce47b251044a8aced5971bc05aa,2690304052,1
df7a8297d1e3790db818f355685426f0a0826905,2690303783,1
f9d0cd984570c31c8f0112492a6bfb58897df6c8,2690304081,1
f720e601e6eab2e3eec9676c6296d34db1f875dd,2690304254,1
2efd2bfd2862a62b032731ffbb27eda541f87693,2690303930,1
d827945cbd1340f9aa85e6c446179f3c19919624,2690303009,1
aac1318869faf540fc0571ff213c19a30621ebab,1012843352,2
2b5062b0040dfb27395f47437952c043ab321929,2690304066,1
786a76b37bb5e45bb9e1089e8db9eb9cfd25a633,2690304258,1
dcce42bfea1634a7e35b9bce5f89283bea909af2,2690303267,1
8ca1f6ef60dae8bd95e4b17e539ab3ff1a3cafa6,2690304260,1
ff01ee251d88b2fcc0839f97a0583db7d2d1d7b7,2690303404,2
c6b232014aa5df6a9c82febb6458ceb3b4ef0df9,2446173095,2
a8174b4d12d1b018829dcf285e1713f489c31fb5,2690303187,1
1f2e918d7b53c5f0a3ff4ecf18e8d6175776dc49,2690304263,1
f0d2c2a48b01cf1bb412b6f634e27c7ce48797cb,2690303963,2
006a95c05c48e5361c372ad4690917b45bf069a2,2690304265,2
ca7bc1cf0a9515e7f194099b60f6b822fab4f3e0,2690304266,1
f9119cdd023ddc640233d537eb611df5202d2353,2690303986,1
584725623087c2dd192fad557e397a08e16487c4,2690304268,1
94fb0090521c08ad72fd3100bc310ccc35ac5d97,2690303798,1
b7e4fbb1bcb81cd683abc11d1a728f432e5b2aac,2690304095,1
560c0d7bb362eaadd85e82bb01dd4999ada15021,2579354871,6
3fe8fe199235164c55ee3e2a2df0974387af6c40,2690304272,1
ea6d8e69f234752666c52278987483877f655d7d,2690302973,7
9e1dfae09b7ff6b873b3f0a8f5cbd9dfb0c6b392,2273812889,1
a320e98504159525f79a19739ce04c7e68b487be,2335655619,2
7bb4dc09417fbd9e0e524e7c1c20437dec1aeaac,2690304275,2
c61e2169e7276b3df7be66f1faa17d8627a23e4a,2690303082,1
e12b4053f8aee0599f1d6847ba98b0319b8507ca,2690303687,1
9995d32f6ee05a8b75d228ed993c36f62637e234,2690303610,1
52b7195ec16d12b8038c087c4f4b6a2c24e26dbc,2690303784,1
3dfcf9cc996a51e916293b893f2e4fba7611f102,2690303875,1
e152d867b5b394fe9c7c329294aefd019f604bac,2690304281,1
69a99d068d9be15b603ca8a31bfa592e05de94c9,2589296493,4
600f886e47d4bf79f4b0757686ae332564f3afc3,2690303797,1
06405b2f2ab98fbb8eb8d569ddad9b63eeaec41e,2690303999,1
0c6fe87801617f5f3318c3c6220053475421fdf7,2690304284,2
149104706ad857f92ce1b61ec5ee29fc70fd2771,2690304027,1
6542cdf2fdf41ac3f747304822b1d954d422c80e,2681728826,3
90fb1e36e0272e6e8bbaefbd32839f29f536a366,2673628221,1
dc997a3b5e3ec3f7371731ab70a40362df6da6e4,2690304008,1
dcb90998c677a9e0b93ff0692798942e1dfab011,2352871420,1
65511b81a58b66946d0d8c342d9dd1405ccc815d,2690304016,2
875abf8989435706144f9db86ea01cf1639cc192,2690303236,2
394c5e769c20a112af1e466edbaf2c78cb839c8a,2690303261,1
45077644cf8c6a6356a4b8a633618ab7d994ff63,2690303961,1
37a2bdfac10debaab576b48ed4a0d670b34ca0fa,2690303998,1
63f1365cf687b1867017f21796563bf390290588,2690303535,1
5a7a2d78868f20413d90336b25f80e054ead2665,2690304294,2
24e9af600ddeb5cacd5970907125c87cca0771c7,2690304021,1
490fff33d503ea983a2edd8b1317c55d776a5957,2690304296,1
ad393acc34018e45fe6c05e2771a5d234dad5e49,2690304297,1
234887e4fa028a23e3fe3b748769302dedb261a3,2690304298,1
809b7eaf88ca6e6ff52e20801c9fc42997d86ce6,2690304299,1
5d786ee84056677315f5eb9315f7a40d7fe8cb94,2690303618,5
37d293ea2be3c37c4ef131633730d8c34dc256a4,2690303950,1
cc2744ab47db84849384a300dc376b4e9d305a1f,2655908205,3
68c920ee3ecae75e2f2af30bc5be3034c0000b14,2690819850,1
5f83593f58fef2af762dfc848825671a9c7b9798,2690824250,1
d664127d55ca4f94cdb5fd2ec524ee4a801aaac7,2690824251,1
6e3faa551091e0a9adbb5017336c634863694470,2690824252,1
20bd33b3fb5785b963f85968183a247b010254ca,2690824253,1
e7859dbb88cd0148f152dcb73f6e5224bc056862,2690824254,1
ce0af6e9ca160d2635131b20f78bf5f409752ff8,2690824255,1
c8169f8dbe25d24aab986f0157d5dacf551b628e,2690824333,1
779ec0f61f9aa260c7f8751c3d46fc2930e75dff,2690824334,1
e0b3870b3aab45f2063f2eb1037a55284d2569d7,2690824335,1
1696273e5411f5ae042ace02a7d8b70c07e802f7,2690824336,1
854d70a9aecc09bca5643c4994bbb7eef9d81d6b,2690824337,1
bfc16bb23509e69aa8fadba7e6dc457603b18667,2690824338,1
2bec9cb98f9e7838c91c760d70c8c6028a848fec,2690824339,1
e07373785a96eeab8da0434907fe150a7b7f0592,2690824340,1
81efbad8a6910f4f23208a547a4143ae22163815,2690824419,1
a22e0f37c302572ba784e66bfbdcf9ae652f26a6,2690824420,1
96df1374d44b27d6e4e4c00f373aa388401dbac5,2690824421,1
785f124186a826ba1917813d11e34c98a7e8e0ea,2690824422,1
96a4ac13241c05e757af594967fd12c56e99dc3c,2690824423,1
fd267db74e424a0c3cb3242a47e6f26a4f4f8610,2690824424,1
c00e4130ef0df2d6824db039d160772bcbf721b9,2690824425,1
338e855b9546e992d6d09c06ffcb97c5d3621775,2690824525,1
35930aead709d72eb710219ce81a916890e27675,2690824526,1
6478ff947dbf35bc8dd9a7a69f4380da0c7676c7,2690824527,1
f9da349f0ca2221d8d2e5b9a2b5117b36b34ead8,2690824528,1
b25dfdfb9c778ba2d9d6203c6cb0dd3949c53759,2690824529,1
98e0955118e742674cae608425cc3242a76484ff,2690825054,1
513fc148760a8426f6ffe5ecb3d65927d5a5d3f7,2690825055,1
e76f986d3543ba61053e28399d51844d9deadfe2,2690825056,1
506c40c7acdc62698515f0c05c1a6b438c41ec6e,2690825057,1
cb3d5a95f90e1bb7416a27ab1a60385ec892d6b5,2690825058,1
a2f4a7fb77e28ff4dad497dbe68780bdb29417a9,2690825059,1
dc1f1629830adfbf00ef026486198fa20fe6d2f1,2690832414,2
8c0be75d01e5bfb4ba1914ee0956a84787df1846,2690303598,3
fe20ba4e2cd894052cc432fdd3e1da0e6acc6d61,2690303662,3
1818d90719d15fd41131f23369ff8b4a21691db1,2690832435,2
de3f9df3c8d02d62b108dcd78a054aee3634610c,2690832436,2
5703ee8d0c668d28e461e4ca8d280b6f3cde5ac2,2248784477,7
68ed32f32b453f76eb86cd6f35e61c1d26009d4a,2690832421,2
28f3bf64a0f76a386c685c4f75b8801a107218f4,2241475379,2
23a1ee6e8f72850ed2cce03f18c16c7d745e7545,2690832408,2
d5cb5202fd5791679a1f13e1f668d26d04d289d8,2690832439,10
217fb5193d17a6e1bf4a89e936ab46c2936fff03,2690832440,2
1b56b0421343a1120f8b4b9f589439e8edd2cd7d,2690832441,2
85b7692fa234fd6ea4e342d1081bfa7cb69bbd98,2690832442,2
5bb846725481b1b3d89825c62abc71c337c0059b,2690832443,2
1667c15cf1b4eafd3c5a9d7b28d817abaf35da01,2690832219,2
a57769348f3f502cb53bbb835a51462429d48310,2654779035,3
8cba400b1bd1537004eb416669624acdc3921823,2690832446,2
98ed21e763c203da32fdf1e597888471d3da8e59,2690832201,2
5792cd10acc909ee6726c162bfd84ebb696cad37,2690832416,2
beb781861e8928c0c3b2bf3585a1822ed430f1bf,2260614840,2
c6baff739ff5dd030325a8b4db924eafdb5e279c,2526914011,9
3ee4c0b9769cc3bce2e173290d494e11db84d5ca,2690832211,2
c86ed7d347e32a551ccf091ac0e9fdfe491a3578,2690832239,2
485b5b2879d527b68b22415ef67c1aef17d64491,2690832451,2
3e76ae62111b51dac31c10a83e2dd31589a924fc,2281227906,10
db42f8cac9eb45d1e735cb26064ae6a9a2b06e8a,2251187470,2
05b1d152cb32a03913ee13799c17eb177c6b5af4,2690832452,2
c5230f10a290bd85d398d4c95a25381dff0a67d3,2690832453,2
56e918cd25a9556eddab56e18e30e9df656be737,2690303646,2
069943af0e70375870862b5d7d1574cee05777e6,2690832420,7
a6a4fdb84da9d8da85ceb8556eebf816bfe0dc06,2690832217,2
76c26248a8f4fadc41faa81181aae0e8cfed1c06,2690303385,2
54aef218af776ba1b686cdbd0009bf58131faaac,2690832458,2
eba8d56c1f07f951c53a6ff737c17b9f0c2be570,2690303541,2
b250ccd7ac4e31f8758171ad904b36554d528773,2690832429,2
a0f4a343a3a14f16a3af35c3836252608f32c1d0,2690832258,2
b2ed179d2651758fbfd293e3f4f0efbebbe27e58,2690832246,2
2bc293b97552a43d062c175f50515a592b8d43ae,2690303161,2
6fd49692dad22b49b6c8cee1f20260f770995e88,2674764366,2
edd56f7de61c723a888141492c4809a79722e4ab,2690832257,2
d7bcf844becf014cf8b190e39fd0b9474b09520e,2690303667,2
9fffc40c8025df9e2a13b49b16aaeff0a41cbde3,2690832226,4
7734c54111b384f30d019019d386a0772c0f8aa0,2690832468,2
f784034352fcc592a7dfa6501fa5fcc34fb4585d,2690832232,2
75651e63f669b567ac6fdb11e232962a30161be9,2254003224,2
b2573741c2ee731853e40b07928a50f6ff874948,2690303573,5
38d60aae8eb958b78bb2d22a8591a3139d7e5c89,2690303079,3
c80c3584c0a9c10102462182629a9fda0574a303,2690832472,2
e3d92a805bfd119b4a247483ebcd2a206d81a7b5,2690832473,2
17d709032ed2155c337c1ad304f2667846c9d943,2690832252,2
c6223ae1699cebacf7249b256b04a031165d36c6,2690832218,2
8093f0937a4ee69135997f5e5b63e04fa7ac0ee8,2690303084,2
eb95f2ab4b490ea6f08e6efe63100fe8edfd49a1,2690832477,2
5e9a4724e21192b46ab3345c5ceb6c94fd9c98fb,2250539154,3
d17ad74feb7e2775a460043e74e1411510bfcaec,2690303022,2
3e908adaf045938a0723919233701f60f48612a2,2295331584,2
3c24535a0203be76da75c9232e3ed3ad08de8700,2690303638,2
4323ee7d95b7156c1cbc0b20b4493c9c84b739ba,2690832480,2
573147f10e845ff5cb237ef9cbf956e00ab0d4df,2690832419,2
c38fef27baf12fdcc649b8969b0742cffd1ecf77,2294109875,2
7b61564ef21a7f226c515f8392094ede1af8c3b7,2690832397,2
63a1427e3eb128e2b2afba00476ca3b7c7120ab6,2690832483,2
8e4d1fa126a3eb24dd9742d663a0df51c4757a9d,2690303869,4
161f13a56ef6137da70ebb89b77385ae6dc19710,2690303396,2
6ee0d56467da1b2da7dda63ce5cd181c42fbcbce,2241934568,2
d5b811751bceda7869e0b3c0a9e9d82d6104f1ec,2690832487,2
29c002f711968de564eb72fd33d88ef44ad52177,2690832402,2
758094fc722014581f2bab029104235458c53280,2593747402,11
aa23bbb791125ed0e6cd6b5de4677d52a3ca61ea,2593747408,4
301a1b498b8a375087e78f9a249f8cdb5fb7b0ee,2690832222,2
90795d55b88fb423b239bbe1f6a9380011cbf807,2690303531,2
2f97e800232f7a191bce2b57b934c21ffda3b1f5,2690303728,2
e54d1dfdf12176fbccb105f793069b4ea18812a5,2690303231,2
6eb4215fe97f81f4d3cd845fcc62e60247490781,2690303176,2
38b480e3786f744f259e5414cb79aa5281294a5b,2690832404,3
cb06c54756acfb19ebffc66c1afcdc26dddd6855,2690303054,2
8c5b316efd4b3dcfe22d5a496dd111291fc7b10d,2690832498,2
f565d73d221fb05f63c2a1a82eaba62365252ce5,2690832229,2
a952792eb8d4d301482797b011c8a041eedf38ea,2690832418,2
f9d6902372f63ae63452edfb92bed1dd0289668e,2691215514,1
c794f06dc422fb9a46391374d1762abe84691e6a,2691215515,1
65a0530215736f0906b2d2a090ce28eb85ba58d8,2691225434,1
c4489a059a38e94b666edcb0f9facbf823b142d0,2691225493,15
3335bdfa3f1395d83ad2b9dc2bd85246b573b4e2,2691227432,1
f2c9c2d26252a5950daa914c4b087accb94a1b24,2691449115,1
9000401777dd2b43393d7b594d2ff4cba4516b38,2691449275,1
1fd38a17d1f462ced1752927897f5bc08c48f0e6,2692523262,1
24ced3415d7ef8bfcd97b882f970e5ae0987e9b2,2692523259,1
2525c56040fd0ef64d107e26d46426fa8bb96b3f,2692523265,3
f2377023af3250ab028e38f586b73f6999679ee2,2692531068,4
809b9185ea8c3e19a0134fee6f454785f149be2c,2692531071,1
bd09d34e7f97b5c708ad83c61ebbfefdafd71ce2,2693906358,1
24bab1bf0a68805f2596e2b1ec8e0cb467ea227f,2693921865,1
c890375dc45a2dec574c2ddf7289d720f1d4754f,2693921867,1
518f4c0270b4f911d5735714c10cd2456270bd50,2810643143,2
b103aa629cacdd90b39538a7561da7f8e49ad73f,2811717792,31
c6a8a0f02ee0ecd975226ae4b38e9660750d1f93,2811756135,4
0511abe9863c2ea7084efa7e24d1d86c5b3974f1,2811756167,6
b71d1c7c315b67c614563382d1c2a868ac14d729,2811756131,7
7d65e0227d0d7cdc1718119cd2a7dce0638f151c,2587613259,10
a4d63590c8393ae66bd712a0acd5105788c1a5b8,2811756132,37
58ec8f6b9df6fd3712677528a954c21cdecb9707,2811756160,1
621284d032a248c41753e995680fc30089bd374c,2811756164,1
f947512e51f8ef4b15bba3f701de64e53a7f7f9b,24401770,5
dba80835d31175bdcf0bcad1abafefb06d86e304,2239720986,23
0f4e929dd5bb2564f7ab9c76338e04e292a42ace,2231312139,50
c6f26575c158a32f1363ebecc2e5149412ed0cfb,1830349315,4
515de551b0f6aaff545ddd713e6651332e555d67,2811760781,4
dd62dfaa936d8c1143dfcad8808bc559d1a0b199,2277341199,32
88523924351bac0b5d560fe0c5781e2556e7693d,2268260349,34
7616ce88fb11c8aac8d321411a480fe1579d2252,2811763553,1
fac45259046dd90b16d251739108002d67a00b54,2811763557,2
ca4e559c4cab00d87d3a5ade732c7481b26c1922,2811763736,3
7a85f4764bbd6daf1c3545efbbf0f279a6dc0beb,209479239,28
639df0b84fe699b4a290a713fd6b9a94bd4deb95,2185669597,2
7cad90108b79ae400f2f4863e64537133a62bf05,2811794453,6
54f03ebe259dd611db09d817820012f54066945c,2811794499,17
cd08df3eeb045c9d4dcff8db828eb664c6d8085e,2811794407,2
f8eaea0b60285a9f5a2b0c26987bc1b70d5d43b6,2811794408,4
e23ce4511e673be3f53b93f544659051bd7791bf,2811794457,1
bcb77c3095ea4516ec70e862f15dd7a4ed541461,2811794458,2
b937306564d47fd73ff1cd260ff3f97a82310def,2811794504,1
20ff07e0868542d62ca6beaa4015f16b2ce97713,2811794460,3
86305c2917a5c92743060a839fc5aa2eb17aab3c,2811794461,1
cf6d2ce5177de43bc7eb1a3490ac4a98a3ff87b9,2811794507,1
d8276a1a06da32ca88dc12e2add1691429d198f7,2628254426,11
def99b99fcc64b4be64817bb8757ac17d1218b07,2811794508,1
a5f5c1353f3d8a9d1d84973de23b51010bc8f874,2811794416,3
f47d8f290c8bbf579ea3ea8c9589658d0a48301d,2781619108,50
8f1cd5461055a4ad117edea39069b4ce64c9d4b0,2811794511,1
c2d2fce7f3dc97a670a4769678733550823c5720,2811794466,1
dd58a35d27b38dd617907462eef432b8b8527e58,2811794467,1
b1b6b880706b508bce28ac6b74ab170a1101b7d0,2811794468,1
365e66b32d8abcd54955debc25e9aa6376585130,2811794422,3
b0b6bc8d780cb993c828736f8a25d18183756fe7,2811794516,1
df058083e385dc4fd069ccdf741c20ed19fb97d4,2811794471,1
d5383dc804c56c6a84ddb576bbc9ea42056df1cc,2811794518,1
fe2419a74f6f4d37022bdf9fe52a5eb2756c7ebb,2811794519,1
7afd3a60fc6cebba20e3370157d80e885f1799e9,2811794520,15
95e59816412847a400775aade31f220006fb5382,2811794475,1
afb01e25190a4880173ddf1d0b964831fa4c97f1,2810337875,2
fe64f3fb8e36ff1a79b0881c8b31161ca66e79b2,2811794429,2
b5d4d23c0004c74a1688f8ec7a81b75f273edf61,2811794477,1
8d1ffadb89083a0a6f5bf59a6b42fe3d07c5555d,2811794524,1
31be4485ede65cab17e3135a764113b51c07e3ba,2811794432,2
e91fa9877de2a003fcb9537e32ddd902aa16bb97,2811794526,1
5c5959be7ff10f903c8ebd6745aa6b784b9064d4,2811794527,44
7c8dec9c75821a50d6400ac26861fa55166bffdd,2811794482,1
af821a153abfc8bd0508669edb03972982e49a45,2811794529,2
1104c10d5a90cab59f1b2b8bb7bebab9e8eab5cf,2663021657,50
19bdb20358325d1c8aeb82dd5b08889cd4c5250c,2811794438,1
d12972439f8373d1e7416b5fa5023026b475b5ae,2811794532,1
c852f873b7a26adedbba6d4169144f0985fd35d2,2811794533,1
6a56c18e3a2dd6d38cb9cf3a5c9943d469d164e0,2811794441,1